Year,Country of Origin Code,Country of Asylum Code,Country of Origin Name,Country of Asylum Name,Refugees,Asylum seekers,Other people in need of international protection,Internally displaced persons,Stateless Persons,Others of concern to UNHCR,Host community
#date+year,#country+code+origin,#country+code+asylum,#country+name+origin,#country+name+asylum,#affected+refugees,#affected+asylum_seekers,#affected+oip,#affected+idps,#affected+stateless,#affected+others,#affected+hst
1972,MMR,LAO,Myanmar,Lao People's Democratic Republic,700,0,0,0,0,0,0
1972,MMR,MAC,Myanmar,"China, Macao Special Administrative Region",5000,0,0,0,0,0,0
1978,MMR,BGD,Myanmar,Bangladesh,160000,0,0,0,0,0,0
1979,MMR,BGD,Myanmar,Bangladesh,0,0,0,0,0,0,0
1988,MMR,GBR,Myanmar,United Kingdom of Great Britain and Northern Ireland,7,0,0,0,0,0,0
1990,MMR,GBR,Myanmar,United Kingdom of Great Britain and Northern Ireland,11,0,0,0,0,0,0
1990,MMR,USA,Myanmar,United States of America,13,0,0,0,0,0,0
1991,MMR,BGD,Myanmar,Bangladesh,40000,0,0,0,0,0,0
1991,MMR,DNK,Myanmar,Denmark,5,0,0,0,0,0,0
1991,MMR,GBR,Myanmar,United Kingdom of Great Britain and Northern Ireland,15,0,0,0,0,0,0
1991,MMR,SWE,Myanmar,Sweden,5,0,0,0,0,0,0
1991,MMR,USA,Myanmar,United States of America,27,0,0,0,0,0,0
1992,MMR,BGD,Myanmar,Bangladesh,244994,0,0,0,0,0,0
1992,MMR,DNK,Myanmar,Denmark,5,0,0,0,0,0,0
1992,MMR,GBR,Myanmar,United Kingdom of Great Britain and Northern Ireland,15,0,0,0,0,0,0
1992,MMR,SWE,Myanmar,Sweden,9,0,0,0,0,0,0
1992,MMR,USA,Myanmar,United States of America,104,0,0,0,0,0,0
1993,MMR,BGD,Myanmar,Bangladesh,198823,0,0,0,0,0,0
1993,MMR,DNK,Myanmar,Denmark,5,0,0,0,0,0,0
1993,MMR,GBR,Myanmar,United Kingdom of Great Britain and Northern Ireland,15,0,0,0,0,0,0
1993,MMR,IND,Myanmar,India,169,0,0,0,0,0,0
1993,MMR,SGP,Myanmar,Singapore,5,0,0,0,0,0,0
1993,MMR,SWE,Myanmar,Sweden,25,0,0,0,0,0,0
1993,MMR,THA,Myanmar,Thailand,82289,0,0,0,0,0,0
1993,MMR,USA,Myanmar,United States of America,240,0,0,0,0,0,0
1994,MMR,BGD,Myanmar,Bangladesh,116074,0,0,0,0,0,0
1994,MMR,CAN,Myanmar,Canada,168,0,0,0,0,0,0
1994,MMR,DNK,Myanmar,Denmark,5,0,0,0,0,0,0
1994,MMR,GBR,Myanmar,United Kingdom of Great Britain and Northern Ireland,15,0,0,0,0,0,0
1994,MMR,IND,Myanmar,India,245,0,0,0,0,0,0
1994,MMR,ITA,Myanmar,Italy,5,0,0,0,0,0,0
1994,MMR,MYS,Myanmar,Malaysia,5113,0,0,0,0,0,0
1994,MMR,NLD,Myanmar,Netherlands (Kingdom of the),7,0,0,0,0,0,0
1994,MMR,PAK,Myanmar,Pakistan,17,0,0,0,0,0,0
1994,MMR,SWE,Myanmar,Sweden,39,0,0,0,0,0,0
1994,MMR,THA,Myanmar,Thailand,82422,0,0,0,0,0,0
1994,MMR,USA,Myanmar,United States of America,402,0,0,0,0,0,0
1995,MMR,BGD,Myanmar,Bangladesh,50985,0,0,0,0,0,0
1995,MMR,CAN,Myanmar,Canada,208,0,0,0,0,0,0
1995,MMR,DNK,Myanmar,Denmark,5,0,0,0,0,0,0
1995,MMR,FRA,Myanmar,France,38,0,0,0,0,0,0
1995,MMR,GBR,Myanmar,United Kingdom of Great Britain and Northern Ireland,15,0,0,0,0,0,0
1995,MMR,IND,Myanmar,India,307,0,0,0,0,0,0
1995,MMR,ITA,Myanmar,Italy,5,0,0,0,0,0,0
1995,MMR,MYS,Myanmar,Malaysia,5117,0,0,0,0,0,0
1995,MMR,NLD,Myanmar,Netherlands (Kingdom of the),12,0,0,0,0,0,0
1995,MMR,NZL,Myanmar,New Zealand,7,0,0,0,0,0,0
1995,MMR,PHL,Myanmar,Philippines,5,0,0,0,0,0,0
1995,MMR,ESP,Myanmar,Spain,5,0,0,0,0,0,0
1995,MMR,SWE,Myanmar,Sweden,40,0,0,0,0,0,0
1995,MMR,THA,Myanmar,Thailand,94910,0,0,0,0,0,0
1995,MMR,USA,Myanmar,United States of America,642,0,0,0,0,0,0
1996,MMR,AUS,Myanmar,Australia,1612,0,0,0,0,0,0
1996,MMR,BGD,Myanmar,Bangladesh,30578,0,0,0,0,0,0
1996,MMR,CAN,Myanmar,Canada,286,0,0,0,0,0,0
1996,MMR,DNK,Myanmar,Denmark,5,0,0,0,0,0,0
1996,MMR,FRA,Myanmar,France,40,0,0,0,0,0,0
1996,MMR,GBR,Myanmar,United Kingdom of Great Britain and Northern Ireland,15,0,0,0,0,0,0
1996,MMR,IND,Myanmar,India,440,0,0,0,0,0,0
1996,MMR,ITA,Myanmar,Italy,5,0,0,0,0,0,0
1996,MMR,MYS,Myanmar,Malaysia,5114,0,0,0,0,0,0
1996,MMR,NLD,Myanmar,Netherlands (Kingdom of the),23,0,0,0,0,0,0
1996,MMR,NZL,Myanmar,New Zealand,7,0,0,0,0,0,0
1996,MMR,PHL,Myanmar,Philippines,5,0,0,0,0,0,0
1996,MMR,ESP,Myanmar,Spain,5,0,0,0,0,0,0
1996,MMR,SWE,Myanmar,Sweden,41,0,0,0,0,0,0
1996,MMR,THA,Myanmar,Thailand,104033,0,0,0,0,0,0
1996,MMR,USA,Myanmar,United States of America,810,0,0,0,0,0,0
1997,MMR,AUS,Myanmar,Australia,1760,0,0,0,0,0,0
1997,MMR,BGD,Myanmar,Bangladesh,21497,0,0,0,0,0,0
1997,MMR,CAN,Myanmar,Canada,418,0,0,0,0,0,0
1997,MMR,DNK,Myanmar,Denmark,6,0,0,0,0,0,0
1997,MMR,FRA,Myanmar,France,46,0,0,0,0,0,0
1997,MMR,GBR,Myanmar,United Kingdom of Great Britain and Northern Ireland,15,0,0,0,0,0,0
1997,MMR,IND,Myanmar,India,463,0,0,0,0,0,0
1997,MMR,ITA,Myanmar,Italy,5,0,0,0,0,0,0
1997,MMR,MYS,Myanmar,Malaysia,5104,0,0,0,0,0,0
1997,MMR,NLD,Myanmar,Netherlands (Kingdom of the),28,0,0,0,0,0,0
1997,MMR,NOR,Myanmar,Norway,14,0,0,0,0,0,0
1997,MMR,NZL,Myanmar,New Zealand,6,0,0,0,0,0,0
1997,MMR,PAK,Myanmar,Pakistan,12,0,0,0,0,0,0
1997,MMR,ESP,Myanmar,Spain,5,0,0,0,0,0,0
1997,MMR,SWE,Myanmar,Sweden,41,0,0,0,0,0,0
1997,MMR,THA,Myanmar,Thailand,105216,0,0,0,0,0,0
1997,MMR,USA,Myanmar,United States of America,1135,0,0,0,0,0,0
1998,MMR,AUS,Myanmar,Australia,1712,0,0,0,0,0,0
1998,MMR,BEL,Myanmar,Belgium,5,0,0,0,0,0,0
1998,MMR,BGD,Myanmar,Bangladesh,22174,0,0,0,0,0,0
1998,MMR,CAN,Myanmar,Canada,419,0,0,0,0,0,0
1998,MMR,DNK,Myanmar,Denmark,6,0,0,0,0,0,0
1998,MMR,FRA,Myanmar,France,53,0,0,0,0,0,0
1998,MMR,GBR,Myanmar,United Kingdom of Great Britain and Northern Ireland,15,0,0,0,0,0,0
1998,MMR,IND,Myanmar,India,588,0,0,0,0,0,0
1998,MMR,ITA,Myanmar,Italy,5,0,0,0,0,0,0
1998,MMR,JPN,Myanmar,Japan,7,0,0,0,0,0,0
1998,MMR,MYS,Myanmar,Malaysia,5113,0,0,0,0,0,0
1998,MMR,NLD,Myanmar,Netherlands (Kingdom of the),34,0,0,0,0,0,0
1998,MMR,NOR,Myanmar,Norway,14,0,0,0,0,0,0
1998,MMR,NZL,Myanmar,New Zealand,5,0,0,0,0,0,0
1998,MMR,PAK,Myanmar,Pakistan,12,0,0,0,0,0,0
1998,MMR,ESP,Myanmar,Spain,5,0,0,0,0,0,0
1998,MMR,SWE,Myanmar,Sweden,42,0,0,0,0,0,0
1998,MMR,CHE,Myanmar,Switzerland,5,0,0,0,0,0,0
1998,MMR,THA,Myanmar,Thailand,101686,0,0,0,0,0,0
1998,MMR,USA,Myanmar,United States of America,1508,0,0,0,0,0,0
1999,MMR,AUS,Myanmar,Australia,1275,0,0,0,0,0,0
1999,MMR,BEL,Myanmar,Belgium,5,0,0,0,0,0,0
1999,MMR,BGD,Myanmar,Bangladesh,22131,0,0,0,0,0,0
1999,MMR,CAN,Myanmar,Canada,390,0,0,0,0,0,0
1999,MMR,DNK,Myanmar,Denmark,16,0,0,0,0,0,0
1999,MMR,FRA,Myanmar,France,58,0,0,0,0,0,0
1999,MMR,GBR,Myanmar,United Kingdom of Great Britain and Northern Ireland,15,0,0,0,0,0,0
1999,MMR,IND,Myanmar,India,696,0,0,0,0,0,0
1999,MMR,JPN,Myanmar,Japan,16,0,0,0,0,0,0
1999,MMR,MYS,Myanmar,Malaysia,5136,0,0,0,0,0,0
1999,MMR,NLD,Myanmar,Netherlands (Kingdom of the),40,0,0,0,0,0,0
1999,MMR,NOR,Myanmar,Norway,17,0,0,0,0,0,0
1999,MMR,NZL,Myanmar,New Zealand,5,0,0,0,0,0,0
1999,MMR,PAK,Myanmar,Pakistan,12,0,0,0,0,0,0
1999,MMR,ESP,Myanmar,Spain,5,0,0,0,0,0,0
1999,MMR,SWE,Myanmar,Sweden,42,0,0,0,0,0,0
1999,MMR,CHE,Myanmar,Switzerland,7,0,0,0,0,0,0
1999,MMR,THA,Myanmar,Thailand,99716,0,0,0,0,0,0
1999,MMR,USA,Myanmar,United States of America,2079,0,0,0,0,0,0
2000,MMR,AUS,Myanmar,Australia,962,156,0,0,0,0,0
2000,MMR,BEL,Myanmar,Belgium,5,0,0,0,0,0,0
2000,MMR,BGD,Myanmar,Bangladesh,21556,0,0,0,0,0,0
2000,MMR,CAN,Myanmar,Canada,391,11,0,0,0,0,0
2000,MMR,DNK,Myanmar,Denmark,54,0,0,0,0,0,0
2000,MMR,FIN,Myanmar,Finland,94,0,0,0,0,0,0
2000,MMR,FRA,Myanmar,France,58,0,0,0,0,0,0
2000,MMR,GBR,Myanmar,United Kingdom of Great Britain and Northern Ireland,5,0,0,0,0,0,0
2000,MMR,DEU,Myanmar,Germany,0,71,0,0,0,0,0
2000,MMR,GRC,Myanmar,Greece,0,7,0,0,0,0,0
2000,MMR,IND,Myanmar,India,779,13,0,0,0,0,0
2000,MMR,JPN,Myanmar,Japan,72,34,0,0,0,0,0
2000,MMR,KOR,Myanmar,Republic of Korea,0,21,0,0,0,0,0
2000,MMR,MYS,Myanmar,Malaysia,5134,5,0,0,0,0,0
2000,MMR,NLD,Myanmar,Netherlands (Kingdom of the),122,39,0,0,0,0,0
2000,MMR,NOR,Myanmar,Norway,29,0,0,0,0,0,0
2000,MMR,NZL,Myanmar,New Zealand,209,0,0,0,0,0,0
2000,MMR,PAK,Myanmar,Pakistan,22,0,0,0,0,0,0
2000,MMR,ESP,Myanmar,Spain,5,0,0,0,0,0,0
2000,MMR,SWE,Myanmar,Sweden,43,0,0,0,0,0,0
2000,MMR,CHE,Myanmar,Switzerland,6,0,0,0,0,0,0
2000,MMR,THA,Myanmar,Thailand,104569,171,0,0,0,0,0
2000,MMR,USA,Myanmar,United States of America,3006,485,0,0,0,0,0
2001,MMR,AUS,Myanmar,Australia,773,145,0,0,0,0,0
2001,MMR,BEL,Myanmar,Belgium,5,0,0,0,0,0,0
2001,MMR,BGD,Myanmar,Bangladesh,22106,20,0,0,0,0,0
2001,MMR,CAN,Myanmar,Canada,350,21,0,0,0,0,0
2001,MMR,DNK,Myanmar,Denmark,69,5,0,0,0,0,0
2001,MMR,FIN,Myanmar,Finland,101,0,0,0,0,0,0
2001,MMR,FRA,Myanmar,France,65,0,0,0,0,0,0
2001,MMR,DEU,Myanmar,Germany,0,40,0,0,0,0,0
2001,MMR,GRC,Myanmar,Greece,0,9,0,0,0,0,0
2001,MMR,IND,Myanmar,India,876,51,0,0,0,0,0
2001,MMR,JPN,Myanmar,Japan,117,28,0,0,0,0,0
2001,MMR,KOR,Myanmar,Republic of Korea,0,17,0,0,0,0,0
2001,MMR,MYS,Myanmar,Malaysia,5151,106,0,0,0,0,0
2001,MMR,NLD,Myanmar,Netherlands (Kingdom of the),177,46,0,0,0,0,0
2001,MMR,NOR,Myanmar,Norway,63,0,0,0,0,0,0
2001,MMR,NZL,Myanmar,New Zealand,345,0,0,0,0,0,0
2001,MMR,PAK,Myanmar,Pakistan,22,0,0,0,0,0,0
2001,MMR,ESP,Myanmar,Spain,5,0,0,0,0,0,0
2001,MMR,SWE,Myanmar,Sweden,38,0,0,0,0,0,0
2001,MMR,CHE,Myanmar,Switzerland,5,0,0,0,0,0,0
2001,MMR,THA,Myanmar,Thailand,110313,175,0,0,0,0,0
2001,MMR,USA,Myanmar,United States of America,5268,465,0,0,0,0,0
2002,MMR,EGY,Myanmar,Egypt,0,5,0,0,0,0,0
2002,MMR,AUS,Myanmar,Australia,732,83,0,0,0,0,0
2002,MMR,BEL,Myanmar,Belgium,5,0,0,0,0,0,0
2002,MMR,BGD,Myanmar,Bangladesh,21967,21,0,0,0,0,0
2002,MMR,CAN,Myanmar,Canada,271,53,0,0,0,0,0
2002,MMR,DNK,Myanmar,Denmark,78,0,0,0,0,0,0
2002,MMR,FIN,Myanmar,Finland,103,0,0,0,0,0,0
2002,MMR,FRA,Myanmar,France,74,0,0,0,0,0,0
2002,MMR,DEU,Myanmar,Germany,368,54,0,0,0,0,0
2002,MMR,GRC,Myanmar,Greece,0,7,0,0,0,0,0
2002,MMR,IND,Myanmar,India,1043,272,0,0,0,0,0
2002,MMR,JPN,Myanmar,Japan,128,50,0,0,0,0,0
2002,MMR,KOR,Myanmar,Republic of Korea,0,17,0,0,0,0,0
2002,MMR,MYS,Myanmar,Malaysia,5247,298,0,0,0,0,0
2002,MMR,NLD,Myanmar,Netherlands (Kingdom of the),202,51,0,0,0,0,0
2002,MMR,NOR,Myanmar,Norway,65,0,0,0,0,0,0
2002,MMR,NZL,Myanmar,New Zealand,353,0,0,0,0,0,0
2002,MMR,PAK,Myanmar,Pakistan,23,0,0,0,0,0,0
2002,MMR,ESP,Myanmar,Spain,5,0,0,0,0,0,0
2002,MMR,SWE,Myanmar,Sweden,35,21,0,0,0,0,0
2002,MMR,CHE,Myanmar,Switzerland,5,5,0,0,0,0,0
2002,MMR,THA,Myanmar,Thailand,112238,614,0,0,0,0,0
2002,MMR,USA,Myanmar,United States of America,5551,483,0,0,0,0,0
2003,MMR,EGY,Myanmar,Egypt,0,5,0,0,0,0,0
2003,MMR,AUS,Myanmar,Australia,684,25,0,0,0,0,0
2003,MMR,BGD,Myanmar,Bangladesh,19743,8,0,0,0,0,0
2003,MMR,CAN,Myanmar,Canada,440,34,0,0,0,0,0
2003,MMR,DNK,Myanmar,Denmark,221,5,0,0,0,0,0
2003,MMR,FIN,Myanmar,Finland,106,0,0,0,0,0,0
2003,MMR,FRA,Myanmar,France,86,0,0,0,0,0,0
2003,MMR,GBR,Myanmar,United Kingdom of Great Britain and Northern Ireland,40,0,0,0,0,0,0
2003,MMR,DEU,Myanmar,Germany,420,66,0,0,0,0,0
2003,MMR,GRC,Myanmar,Greece,0,360,0,0,0,0,0
2003,MMR,IND,Myanmar,India,940,367,0,0,0,0,0
2003,MMR,JPN,Myanmar,Japan,136,139,0,0,0,0,0
2003,MMR,KOR,Myanmar,Republic of Korea,5,35,0,0,0,0,0
2003,MMR,MYS,Myanmar,Malaysia,4152,6990,0,0,0,4856,0
2003,MMR,NLD,Myanmar,Netherlands (Kingdom of the),208,49,0,0,0,0,0
2003,MMR,NOR,Myanmar,Norway,199,0,0,0,0,0,0
2003,MMR,NZL,Myanmar,New Zealand,377,5,0,0,0,0,0
2003,MMR,PAK,Myanmar,Pakistan,25,0,0,0,0,0,0
2003,MMR,SAU,Myanmar,Saudi Arabia,0,15,0,0,0,0,0
2003,MMR,ESP,Myanmar,Spain,6,0,0,0,0,0,0
2003,MMR,SWE,Myanmar,Sweden,31,30,0,0,0,0,0
2003,MMR,CHE,Myanmar,Switzerland,0,5,0,0,0,0,0
2003,MMR,THA,Myanmar,Thailand,118762,1968,0,0,0,0,0
2003,MMR,USA,Myanmar,United States of America,4789,454,0,0,0,0,0
2004,MMR,AUS,Myanmar,Australia,651,7,0,0,0,0,0
2004,MMR,BEL,Myanmar,Belgium,5,6,0,0,0,0,0
2004,MMR,BGD,Myanmar,Bangladesh,20402,9,0,0,0,0,0
2004,MMR,CAN,Myanmar,Canada,538,37,0,0,0,0,0
2004,MMR,DNK,Myanmar,Denmark,380,0,0,0,0,0,0
2004,MMR,FIN,Myanmar,Finland,107,0,0,0,0,0,0
2004,MMR,FRA,Myanmar,France,93,0,0,0,0,0,0
2004,MMR,GBR,Myanmar,United Kingdom of Great Britain and Northern Ireland,51,0,0,0,0,0,0
2004,MMR,DEU,Myanmar,Germany,453,29,0,0,0,0,0
2004,MMR,GRC,Myanmar,Greece,0,278,0,0,0,0,0
2004,MMR,IND,Myanmar,India,1162,167,0,0,0,0,0
2004,MMR,IDN,Myanmar,Indonesia,0,0,0,0,0,8,0
2004,MMR,IRL,Myanmar,Ireland,0,5,0,0,0,0,0
2004,MMR,JPN,Myanmar,Japan,145,183,0,0,0,0,0
2004,MMR,KOR,Myanmar,Republic of Korea,5,80,0,0,0,0,0
2004,MMR,MEX,Myanmar,Mexico,0,5,0,0,0,0,0
2004,MMR,MYS,Myanmar,Malaysia,9601,8857,0,0,0,997,0
2004,MMR,NPL,Myanmar,Nepal,0,6,0,0,0,0,0
2004,MMR,NLD,Myanmar,Netherlands (Kingdom of the),212,46,0,0,0,0,0
2004,MMR,NOR,Myanmar,Norway,459,0,0,0,0,0,0
2004,MMR,NZL,Myanmar,New Zealand,390,13,0,0,0,0,0
2004,MMR,PAK,Myanmar,Pakistan,26,0,0,0,0,0,0
2004,MMR,SAU,Myanmar,Saudi Arabia,0,18,0,0,0,0,0
2004,MMR,ESP,Myanmar,Spain,5,0,0,0,0,0,0
2004,MMR,SWE,Myanmar,Sweden,156,29,0,0,0,0,0
2004,MMR,CHE,Myanmar,Switzerland,0,6,0,0,0,0,0
2004,MMR,THA,Myanmar,Thailand,120814,325,0,0,0,0,0
2004,MMR,TUR,Myanmar,Türkiye,0,5,0,0,0,0,0
2004,MMR,USA,Myanmar,United States of America,5342,392,0,0,0,0,0
2005,MMR,AUS,Myanmar,Australia,967,17,0,0,0,0,0
2005,MMR,BEL,Myanmar,Belgium,9,27,0,0,0,0,0
2005,MMR,BGD,Myanmar,Bangladesh,21053,52,0,0,0,0,0
2005,MMR,CAN,Myanmar,Canada,613,29,0,0,0,0,0
2005,MMR,DNK,Myanmar,Denmark,519,5,0,0,0,0,0
2005,MMR,FIN,Myanmar,Finland,180,0,0,0,0,0,0
2005,MMR,FRA,Myanmar,France,105,0,0,0,0,0,0
2005,MMR,GBR,Myanmar,United Kingdom of Great Britain and Northern Ireland,80,0,0,0,0,0,0
2005,MMR,DEU,Myanmar,Germany,331,227,0,0,0,0,0
2005,MMR,GRC,Myanmar,Greece,5,61,0,0,0,0,0
2005,MMR,IND,Myanmar,India,1471,102,0,0,0,0,0
2005,MMR,IDN,Myanmar,Indonesia,0,0,0,0,0,11,0
2005,MMR,ISR,Myanmar,Israel,0,39,0,0,0,0,0
2005,MMR,JPN,Myanmar,Japan,240,221,0,0,0,0,0
2005,MMR,KOR,Myanmar,Republic of Korea,9,113,0,0,0,0,0
2005,MMR,MEX,Myanmar,Mexico,5,7,0,0,0,0,0
2005,MMR,MYS,Myanmar,Malaysia,14208,8267,0,0,0,0,0
2005,MMR,NPL,Myanmar,Nepal,9,0,0,0,0,0,0
2005,MMR,NLD,Myanmar,Netherlands (Kingdom of the),213,24,0,0,0,0,0
2005,MMR,NOR,Myanmar,Norway,743,0,0,0,0,0,0
2005,MMR,NZL,Myanmar,New Zealand,192,6,0,0,0,0,0
2005,MMR,PAK,Myanmar,Pakistan,25,0,0,0,0,0,0
2005,MMR,PRT,Myanmar,Portugal,5,0,0,0,0,0,0
2005,MMR,SAU,Myanmar,Saudi Arabia,0,9,0,0,0,0,0
2005,MMR,SWE,Myanmar,Sweden,569,14,0,0,0,0,0
2005,MMR,CHE,Myanmar,Switzerland,8,5,0,0,0,0,0
2005,MMR,THA,Myanmar,Thailand,116499,31573,0,0,0,0,0
2005,MMR,USA,Myanmar,United States of America,6793,329,0,0,0,0,0
2006,MMR,AUS,Myanmar,Australia,2558,14,0,0,0,0,0
2006,MMR,AUT,Myanmar,Austria,0,5,0,0,0,0,0
2006,MMR,BEL,Myanmar,Belgium,5,5,0,0,0,0,0
2006,MMR,BGD,Myanmar,Bangladesh,26268,67,0,0,0,0,0
2006,MMR,KHM,Myanmar,Cambodia,5,0,0,0,0,0,0
2006,MMR,CAN,Myanmar,Canada,1429,23,0,0,0,0,0
2006,MMR,DNK,Myanmar,Denmark,686,5,0,0,0,0,0
2006,MMR,FIN,Myanmar,Finland,388,0,0,0,0,0,0
2006,MMR,FRA,Myanmar,France,117,0,0,0,0,0,0
2006,MMR,GBR,Myanmar,United Kingdom of Great Britain and Northern Ireland,196,0,0,0,0,0,0
2006,MMR,DEU,Myanmar,Germany,486,121,0,0,0,0,0
2006,MMR,GRC,Myanmar,Greece,8,36,0,0,0,0,0
2006,MMR,HKG,Myanmar,"China, Hong Kong Special Administrative Region",0,5,0,0,0,0,0
2006,MMR,IND,Myanmar,India,1812,268,0,0,0,0,0
2006,MMR,IDN,Myanmar,Indonesia,19,26,0,0,0,0,0
2006,MMR,IRL,Myanmar,Ireland,5,0,0,0,0,0,0
2006,MMR,ISR,Myanmar,Israel,0,50,0,0,0,0,0
2006,MMR,JPN,Myanmar,Japan,269,611,0,0,0,0,0
2006,MMR,KOR,Myanmar,Republic of Korea,21,108,0,0,0,0,0
2006,MMR,MEX,Myanmar,Mexico,14,0,0,0,0,0,0
2006,MMR,MYS,Myanmar,Malaysia,21544,6754,0,0,0,0,0
2006,MMR,MMR,Myanmar,Myanmar,0,0,0,58500,0,0,0
2006,MMR,NPL,Myanmar,Nepal,11,6,0,0,0,0,0
2006,MMR,NLD,Myanmar,Netherlands (Kingdom of the),473,19,0,0,0,0,0
2006,MMR,NOR,Myanmar,Norway,1223,26,0,0,0,0,0
2006,MMR,NZL,Myanmar,New Zealand,485,5,0,0,0,0,0
2006,MMR,PAK,Myanmar,Pakistan,25,0,0,0,0,0,0
2006,MMR,PHL,Myanmar,Philippines,6,0,0,0,0,0,0
2006,MMR,PRT,Myanmar,Portugal,5,0,0,0,0,0,0
2006,MMR,SAU,Myanmar,Saudi Arabia,0,19,0,0,0,0,0
2006,MMR,SWE,Myanmar,Sweden,867,7,0,0,0,0,0
2006,MMR,CHE,Myanmar,Switzerland,12,0,0,0,0,0,0
2006,MMR,THA,Myanmar,Thailand,132241,17863,0,0,0,0,0
2006,MMR,USA,Myanmar,United States of America,11639,268,0,0,0,0,0
2007,MMR,AUS,Myanmar,Australia,433,23,0,0,0,0,0
2007,MMR,AUT,Myanmar,Austria,0,8,0,0,0,0,0
2007,MMR,BEL,Myanmar,Belgium,5,0,0,0,0,0,0
2007,MMR,BGD,Myanmar,Bangladesh,27544,30,0,0,0,0,0
2007,MMR,KHM,Myanmar,Cambodia,6,0,0,0,0,0,0
2007,MMR,CAN,Myanmar,Canada,205,26,0,0,0,0,0
2007,MMR,CZE,Myanmar,Czechia,10,0,0,0,0,0,0
2007,MMR,DNK,Myanmar,Denmark,39,7,0,0,0,0,0
2007,MMR,FIN,Myanmar,Finland,13,0,0,0,0,0,0
2007,MMR,FRA,Myanmar,France,127,0,0,0,0,0,0
2007,MMR,GBR,Myanmar,United Kingdom of Great Britain and Northern Ireland,250,0,0,0,0,0,0
2007,MMR,DEU,Myanmar,Germany,607,78,0,0,0,0,0
2007,MMR,GRC,Myanmar,Greece,8,39,0,0,0,0,0
2007,MMR,HKG,Myanmar,"China, Hong Kong Special Administrative Region",0,6,0,0,0,0,0
2007,MMR,HUN,Myanmar,Hungary,5,0,0,0,0,0,0
2007,MMR,IND,Myanmar,India,1812,1067,0,0,0,0,0
2007,MMR,IDN,Myanmar,Indonesia,23,0,0,0,0,0,0
2007,MMR,IRL,Myanmar,Ireland,5,0,0,0,0,0,0
2007,MMR,ISR,Myanmar,Israel,0,69,0,0,0,0,0
2007,MMR,JPN,Myanmar,Japan,371,675,0,0,0,0,0
2007,MMR,KOR,Myanmar,Republic of Korea,30,118,0,0,0,0,0
2007,MMR,MEX,Myanmar,Mexico,8,0,0,0,0,0,0
2007,MMR,MYS,Myanmar,Malaysia,29474,3832,0,0,0,0,0
2007,MMR,MMR,Myanmar,Myanmar,0,0,0,67290,0,0,0
2007,MMR,NPL,Myanmar,Nepal,12,0,0,0,0,0,0
2007,MMR,NLD,Myanmar,Netherlands (Kingdom of the),235,0,0,0,0,0,0
2007,MMR,NOR,Myanmar,Norway,52,15,0,0,0,0,0
2007,MMR,NZL,Myanmar,New Zealand,38,0,0,0,0,0,0
2007,MMR,PAK,Myanmar,Pakistan,26,0,0,0,0,0,0
2007,MMR,PHL,Myanmar,Philippines,5,0,0,0,0,0,0
2007,MMR,PNG,Myanmar,Papua New Guinea,0,5,0,0,0,0,0
2007,MMR,PRT,Myanmar,Portugal,5,0,0,0,0,0,0
2007,MMR,ZAF,Myanmar,South Africa,0,16,0,0,0,0,0
2007,MMR,SAU,Myanmar,Saudi Arabia,0,19,0,0,0,0,0
2007,MMR,SGP,Myanmar,Singapore,7,6,0,0,0,0,0
2007,MMR,SWE,Myanmar,Sweden,39,8,0,0,0,0,0
2007,MMR,CHE,Myanmar,Switzerland,18,11,0,0,0,0,0
2007,MMR,THA,Myanmar,Thailand,124562,12761,0,0,0,0,0
2007,MMR,USA,Myanmar,United States of America,5334,190,0,0,0,0,0
2008,MMR,AUS,Myanmar,Australia,455,42,0,0,0,0,0
2008,MMR,AUT,Myanmar,Austria,6,8,0,0,0,0,0
2008,MMR,BEL,Myanmar,Belgium,12,0,0,0,0,0,0
2008,MMR,BGD,Myanmar,Bangladesh,28337,0,0,0,0,0,0
2008,MMR,KHM,Myanmar,Cambodia,5,5,0,0,0,0,0
2008,MMR,CAN,Myanmar,Canada,235,30,0,0,0,0,0
2008,MMR,CZE,Myanmar,Czechia,36,0,0,0,0,0,0
2008,MMR,DNK,Myanmar,Denmark,52,5,0,0,0,0,0
2008,MMR,FIN,Myanmar,Finland,13,5,0,0,0,0,0
2008,MMR,FRA,Myanmar,France,144,0,0,0,0,0,0
2008,MMR,GBR,Myanmar,United Kingdom of Great Britain and Northern Ireland,390,0,0,0,0,0,0
2008,MMR,DEU,Myanmar,Germany,729,66,0,0,0,0,0
2008,MMR,GRC,Myanmar,Greece,8,39,0,0,0,0,0
2008,MMR,HKG,Myanmar,"China, Hong Kong Special Administrative Region",0,5,0,0,0,0,0
2008,MMR,HUN,Myanmar,Hungary,5,0,0,0,0,0,0
2008,MMR,IND,Myanmar,India,1967,1740,0,0,0,0,0
2008,MMR,IDN,Myanmar,Indonesia,17,14,0,0,0,0,0
2008,MMR,IRL,Myanmar,Ireland,5,10,0,0,0,0,0
2008,MMR,ISR,Myanmar,Israel,0,91,0,0,0,0,0
2008,MMR,ITA,Myanmar,Italy,6,0,0,0,0,0,0
2008,MMR,JPN,Myanmar,Japan,746,1101,0,0,0,0,0
2008,MMR,KOR,Myanmar,Republic of Korea,57,121,0,0,0,0,0
2008,MMR,LKA,Myanmar,Sri Lanka,55,0,0,0,0,0,0
2008,MMR,MEX,Myanmar,Mexico,8,0,0,0,0,0,0
2008,MMR,MYS,Myanmar,Malaysia,33781,6730,0,0,0,0,0
2008,MMR,MMR,Myanmar,Myanmar,0,0,0,67290,0,0,0
2008,MMR,NPL,Myanmar,Nepal,13,10,0,0,0,0,0
2008,MMR,NLD,Myanmar,Netherlands (Kingdom of the),395,0,0,0,0,0,0
2008,MMR,NOR,Myanmar,Norway,55,30,0,0,0,0,0
2008,MMR,NZL,Myanmar,New Zealand,43,0,0,0,0,0,0
2008,MMR,PAK,Myanmar,Pakistan,28,0,0,0,0,0,0
2008,MMR,PHL,Myanmar,Philippines,5,6,0,0,0,0,0
2008,MMR,PNG,Myanmar,Papua New Guinea,5,0,0,0,0,0,0
2008,MMR,PRT,Myanmar,Portugal,5,0,0,0,0,0,0
2008,MMR,ZAF,Myanmar,South Africa,0,16,0,0,0,0,0
2008,MMR,SAU,Myanmar,Saudi Arabia,0,10,0,0,0,0,0
2008,MMR,SGP,Myanmar,Singapore,7,0,0,0,0,0,0
2008,MMR,SWE,Myanmar,Sweden,40,6,0,0,0,0,0
2008,MMR,CHE,Myanmar,Switzerland,20,10,0,0,0,0,0
2008,MMR,THA,Myanmar,Thailand,111555,12009,0,0,0,0,0
2008,MMR,TUR,Myanmar,Türkiye,0,20,0,0,0,0,0
2008,MMR,USA,Myanmar,United States of America,5170,199,0,0,0,0,0
2009,MMR,AUS,Myanmar,Australia,489,24,0,0,0,0,0
2009,MMR,AUT,Myanmar,Austria,6,10,0,0,0,0,0
2009,MMR,BEL,Myanmar,Belgium,9,0,0,0,0,0,0
2009,MMR,BGD,Myanmar,Bangladesh,228557,0,0,0,0,0,0
2009,MMR,KHM,Myanmar,Cambodia,9,15,0,0,0,0,0
2009,MMR,CAN,Myanmar,Canada,257,15,0,0,0,0,0
2009,MMR,CZE,Myanmar,Czechia,57,0,0,0,0,0,0
2009,MMR,DNK,Myanmar,Denmark,53,15,0,0,0,0,0
2009,MMR,FIN,Myanmar,Finland,14,5,0,0,0,0,0
2009,MMR,FRA,Myanmar,France,163,0,0,0,0,0,0
2009,MMR,GBR,Myanmar,United Kingdom of Great Britain and Northern Ireland,517,0,0,0,0,0,0
2009,MMR,DEU,Myanmar,Germany,756,69,0,0,0,0,0
2009,MMR,GRC,Myanmar,Greece,8,0,0,0,0,0,0
2009,MMR,HKG,Myanmar,"China, Hong Kong Special Administrative Region",0,5,0,0,0,0,0
2009,MMR,HUN,Myanmar,Hungary,5,0,0,0,0,0,0
2009,MMR,IND,Myanmar,India,2952,3779,0,0,0,0,0
2009,MMR,IDN,Myanmar,Indonesia,154,8,0,0,0,0,0
2009,MMR,IRL,Myanmar,Ireland,8,0,0,0,0,0,0
2009,MMR,ITA,Myanmar,Italy,10,0,0,0,0,0,0
2009,MMR,JAM,Myanmar,Jamaica,5,0,0,0,0,0,0
2009,MMR,JPN,Myanmar,Japan,1193,1053,0,0,0,0,0
2009,MMR,KOR,Myanmar,Republic of Korea,101,35,0,0,0,0,0
2009,MMR,LKA,Myanmar,Sri Lanka,56,0,0,0,0,0,0
2009,MMR,MEX,Myanmar,Mexico,9,0,0,0,0,0,0
2009,MMR,MYS,Myanmar,Malaysia,61412,8261,0,0,0,7,0
2009,MMR,MMR,Myanmar,Myanmar,0,0,0,67290,0,0,0
2009,MMR,NPL,Myanmar,Nepal,11,20,0,0,0,0,0
2009,MMR,NLD,Myanmar,Netherlands (Kingdom of the),482,41,0,0,0,0,0
2009,MMR,NOR,Myanmar,Norway,72,36,0,0,0,0,0
2009,MMR,NZL,Myanmar,New Zealand,44,0,0,0,0,0,0
2009,MMR,PAK,Myanmar,Pakistan,19,0,0,0,0,0,0
2009,MMR,PHL,Myanmar,Philippines,5,6,0,0,0,0,0
2009,MMR,PLW,Myanmar,Palau,11,0,0,0,0,0,0
2009,MMR,PNG,Myanmar,Papua New Guinea,5,0,0,0,0,0,0
2009,MMR,PRT,Myanmar,Portugal,5,0,0,0,0,0,0
2009,MMR,SGP,Myanmar,Singapore,5,0,0,0,0,0,0
2009,MMR,SWE,Myanmar,Sweden,46,7,0,0,0,0,0
2009,MMR,CHE,Myanmar,Switzerland,34,5,0,0,0,0,0
2009,MMR,THA,Myanmar,Thailand,104107,8961,0,0,0,0,0
2009,MMR,TUR,Myanmar,Türkiye,0,44,0,0,0,0,0
2009,MMR,USA,Myanmar,United States of America,5021,163,0,0,0,0,0
2010,MMR,AUS,Myanmar,Australia,444,34,0,0,0,0,0
2010,MMR,AUT,Myanmar,Austria,7,7,0,0,0,0,0
2010,MMR,BEL,Myanmar,Belgium,11,0,0,0,0,0,0
2010,MMR,BGD,Myanmar,Bangladesh,229226,0,0,0,0,0,0
2010,MMR,KHM,Myanmar,Cambodia,10,42,0,0,0,0,0
2010,MMR,CAN,Myanmar,Canada,265,19,0,0,0,0,0
2010,MMR,CZE,Myanmar,Czechia,100,0,0,0,0,0,0
2010,MMR,DNK,Myanmar,Denmark,56,38,0,0,0,0,0
2010,MMR,FIN,Myanmar,Finland,14,0,0,0,0,0,0
2010,MMR,FRA,Myanmar,France,171,0,0,0,0,0,0
2010,MMR,GBR,Myanmar,United Kingdom of Great Britain and Northern Ireland,625,0,0,0,0,0,0
2010,MMR,DEU,Myanmar,Germany,799,95,0,0,0,0,0
2010,MMR,GRC,Myanmar,Greece,8,21,0,0,0,0,0
2010,MMR,HKG,Myanmar,"China, Hong Kong Special Administrative Region",0,5,0,0,0,0,0
2010,MMR,HUN,Myanmar,Hungary,5,0,0,0,0,0,0
2010,MMR,IND,Myanmar,India,4630,3347,0,0,0,0,0
2010,MMR,IDN,Myanmar,Indonesia,49,12,0,0,0,0,0
2010,MMR,IRL,Myanmar,Ireland,8,11,0,0,0,0,0
2010,MMR,ITA,Myanmar,Italy,16,0,0,0,0,0,0
2010,MMR,JPN,Myanmar,Japan,1467,925,0,0,0,0,0
2010,MMR,KOR,Myanmar,Republic of Korea,119,46,0,0,0,0,0
2010,MMR,LKA,Myanmar,Sri Lanka,55,0,0,0,0,0,0
2010,MMR,MEX,Myanmar,Mexico,0,5,0,0,0,0,0
2010,MMR,MYS,Myanmar,Malaysia,76120,8553,0,0,0,0,0
2010,MMR,MMR,Myanmar,Myanmar,0,0,0,62015,0,0,0
2010,MMR,NPL,Myanmar,Nepal,35,0,0,0,0,0,0
2010,MMR,NLD,Myanmar,Netherlands (Kingdom of the),632,28,0,0,0,0,0
2010,MMR,NOR,Myanmar,Norway,132,52,0,0,0,0,0
2010,MMR,NZL,Myanmar,New Zealand,45,0,0,0,0,0,0
2010,MMR,PAK,Myanmar,Pakistan,9,0,0,0,0,0,0
2010,MMR,PHL,Myanmar,Philippines,0,5,0,0,0,0,0
2010,MMR,PRT,Myanmar,Portugal,5,0,0,0,0,0,0
2010,MMR,ROU,Myanmar,Romania,44,0,0,0,0,0,0
2010,MMR,SGP,Myanmar,Singapore,5,0,0,0,0,0,0
2010,MMR,SWE,Myanmar,Sweden,46,5,0,0,0,0,0
2010,MMR,CHE,Myanmar,Switzerland,35,5,0,0,0,0,0
2010,MMR,THA,Myanmar,Thailand,95718,8962,0,0,0,0,0
2010,MMR,TUR,Myanmar,Türkiye,0,14,0,0,0,0,0
2010,MMR,UKR,Myanmar,Ukraine,0,5,0,0,0,0,0
2010,MMR,USA,Myanmar,United States of America,4751,32,0,0,0,0,0
2011,MMR,AUS,Myanmar,Australia,514,37,0,0,0,0,0
2011,MMR,AUT,Myanmar,Austria,11,0,0,0,0,0,0
2011,MMR,BEL,Myanmar,Belgium,18,5,0,0,0,0,0
2011,MMR,BGD,Myanmar,Bangladesh,229644,0,0,0,0,0,0
2011,MMR,KHM,Myanmar,Cambodia,9,38,0,0,0,0,0
2011,MMR,CAN,Myanmar,Canada,277,9,0,0,0,0,0
2011,MMR,CZE,Myanmar,Czechia,100,0,0,0,0,0,0
2011,MMR,DNK,Myanmar,Denmark,65,29,0,0,0,0,0
2011,MMR,FIN,Myanmar,Finland,14,0,0,0,0,0,0
2011,MMR,FRA,Myanmar,France,174,0,0,0,0,0,0
2011,MMR,GBR,Myanmar,United Kingdom of Great Britain and Northern Ireland,789,79,0,0,0,0,0
2011,MMR,DEU,Myanmar,Germany,819,97,0,0,0,0,0
2011,MMR,GRC,Myanmar,Greece,6,0,0,0,0,0,0
2011,MMR,HUN,Myanmar,Hungary,5,0,0,0,0,0,0
2011,MMR,IND,Myanmar,India,6621,2802,0,0,0,0,0
2011,MMR,IDN,Myanmar,Indonesia,85,112,0,0,0,0,0
2011,MMR,IRL,Myanmar,Ireland,9,12,0,0,0,0,0
2011,MMR,ISR,Myanmar,Israel,0,63,0,0,0,0,0
2011,MMR,ITA,Myanmar,Italy,17,0,0,0,0,0,0
2011,MMR,JPN,Myanmar,Japan,1645,816,0,0,0,0,0
2011,MMR,KOR,Myanmar,Republic of Korea,128,74,0,0,0,0,0
2011,MMR,LKA,Myanmar,Sri Lanka,54,0,0,0,0,0,0
2011,MMR,MEX,Myanmar,Mexico,5,0,0,0,0,0,0
2011,MMR,MYS,Myanmar,Malaysia,81146,7348,0,0,0,0,0
2011,MMR,MMR,Myanmar,Myanmar,0,0,0,339200,0,0,0
2011,MMR,NPL,Myanmar,Nepal,34,0,0,0,0,0,0
2011,MMR,NLD,Myanmar,Netherlands (Kingdom of the),769,71,0,0,0,0,0
2011,MMR,NOR,Myanmar,Norway,161,19,0,0,0,0,0
2011,MMR,NZL,Myanmar,New Zealand,39,0,0,0,0,0,0
2011,MMR,PAK,Myanmar,Pakistan,9,0,0,0,0,0,0
2011,MMR,PHL,Myanmar,Philippines,0,5,0,0,0,0,0
2011,MMR,PRT,Myanmar,Portugal,5,0,0,0,0,0,0
2011,MMR,ROU,Myanmar,Romania,44,0,0,0,0,0,0
2011,MMR,SWE,Myanmar,Sweden,50,5,0,0,0,0,0
2011,MMR,CHE,Myanmar,Switzerland,37,9,0,0,0,0,0
2011,MMR,THA,Myanmar,Thailand,88148,12395,0,0,0,0,0
2011,MMR,TUR,Myanmar,Türkiye,0,9,0,0,0,0,0
2011,MMR,UKR,Myanmar,Ukraine,0,5,0,0,0,0,0
2011,MMR,USA,Myanmar,United States of America,3164,62,0,0,0,0,0
2012,MMR,AUS,Myanmar,Australia,534,60,0,0,0,0,0
2012,MMR,AUT,Myanmar,Austria,16,8,0,0,0,0,0
2012,MMR,BEL,Myanmar,Belgium,17,21,0,0,0,0,0
2012,MMR,BGD,Myanmar,Bangladesh,230674,0,0,0,0,0,0
2012,MMR,KHM,Myanmar,Cambodia,21,15,0,0,0,0,0
2012,MMR,CAN,Myanmar,Canada,276,11,0,0,0,0,0
2012,MMR,CZE,Myanmar,Czechia,127,25,0,0,0,0,0
2012,MMR,DNK,Myanmar,Denmark,57,24,0,0,0,0,0
2012,MMR,FIN,Myanmar,Finland,16,0,0,0,0,0,0
2012,MMR,FRA,Myanmar,France,193,0,0,0,0,0,0
2012,MMR,GBR,Myanmar,United Kingdom of Great Britain and Northern Ireland,863,55,0,0,0,0,0
2012,MMR,DEU,Myanmar,Germany,813,109,0,0,0,0,0
2012,MMR,GRC,Myanmar,Greece,6,0,0,0,0,0,0
2012,MMR,HUN,Myanmar,Hungary,5,0,0,0,0,0,0
2012,MMR,IND,Myanmar,India,7671,2825,0,0,0,0,0
2012,MMR,IDN,Myanmar,Indonesia,222,380,0,0,0,0,0
2012,MMR,IRL,Myanmar,Ireland,9,22,0,0,0,0,0
2012,MMR,ITA,Myanmar,Italy,17,0,0,0,0,0,0
2012,MMR,JPN,Myanmar,Japan,1732,640,0,0,0,0,0
2012,MMR,KOR,Myanmar,Republic of Korea,156,38,0,0,0,0,0
2012,MMR,MEX,Myanmar,Mexico,0,5,0,0,0,0,0
2012,MMR,MYS,Myanmar,Malaysia,84671,7764,0,0,0,0,0
2012,MMR,MMR,Myanmar,Myanmar,0,0,0,430400,0,0,0
2012,MMR,NPL,Myanmar,Nepal,47,0,0,0,0,0,0
2012,MMR,NLD,Myanmar,Netherlands (Kingdom of the),795,71,0,0,0,0,0
2012,MMR,NOR,Myanmar,Norway,160,20,0,0,0,0,0
2012,MMR,NZL,Myanmar,New Zealand,36,0,0,0,0,0,0
2012,MMR,PAK,Myanmar,Pakistan,23,0,0,0,0,0,0
2012,MMR,PHL,Myanmar,Philippines,5,0,0,0,0,0,0
2012,MMR,PRT,Myanmar,Portugal,5,0,0,0,0,0,0
2012,MMR,ROU,Myanmar,Romania,45,0,0,0,0,0,0
2012,MMR,SWE,Myanmar,Sweden,49,0,0,0,0,0,0
2012,MMR,CHE,Myanmar,Switzerland,46,14,0,0,0,0,0
2012,MMR,THA,Myanmar,Thailand,83317,13460,0,0,0,0,0
2012,MMR,TUR,Myanmar,Türkiye,0,9,0,0,0,0,0
2012,MMR,UKR,Myanmar,Ukraine,0,5,0,0,0,0,0
2012,MMR,USA,Myanmar,United States of America,2739,41,0,0,0,0,0
2013,MMR,EGY,Myanmar,Egypt,0,6,0,0,0,0,0
2013,MMR,AUS,Myanmar,Australia,513,74,0,0,0,0,0
2013,MMR,AUT,Myanmar,Austria,26,11,0,0,0,0,0
2013,MMR,BEL,Myanmar,Belgium,18,32,0,0,0,0,0
2013,MMR,BGD,Myanmar,Bangladesh,231125,8,0,0,0,0,0
2013,MMR,BGR,Myanmar,Bulgaria,0,5,0,0,0,0,0
2013,MMR,KHM,Myanmar,Cambodia,24,0,0,0,0,0,0
2013,MMR,CAN,Myanmar,Canada,283,6,0,0,0,0,0
2013,MMR,CZE,Myanmar,Czechia,153,0,0,0,0,0,0
2013,MMR,DNK,Myanmar,Denmark,60,35,0,0,0,0,0
2013,MMR,FIN,Myanmar,Finland,14,5,0,0,0,0,0
2013,MMR,FRA,Myanmar,France,254,534,0,0,0,0,0
2013,MMR,GBR,Myanmar,United Kingdom of Great Britain and Northern Ireland,858,71,0,0,0,0,0
2013,MMR,DEU,Myanmar,Germany,825,116,0,0,0,0,0
2013,MMR,GRC,Myanmar,Greece,6,45,0,0,0,0,0
2013,MMR,HUN,Myanmar,Hungary,0,5,0,0,0,0,0
2013,MMR,IND,Myanmar,India,11122,2383,0,0,0,0,0
2013,MMR,IDN,Myanmar,Indonesia,781,710,0,0,0,0,0
2013,MMR,IRL,Myanmar,Ireland,5,8,0,0,0,0,0
2013,MMR,ITA,Myanmar,Italy,20,0,0,0,0,0,0
2013,MMR,JPN,Myanmar,Japan,1831,684,0,0,0,0,0
2013,MMR,KOR,Myanmar,Republic of Korea,175,8,0,0,0,0,0
2013,MMR,LKA,Myanmar,Sri Lanka,0,96,0,0,0,0,0
2013,MMR,MKD,Myanmar,North Macedonia,0,5,0,0,0,0,0
2013,MMR,MEX,Myanmar,Mexico,0,5,0,0,0,0,0
2013,MMR,MYS,Myanmar,Malaysia,92287,38282,0,0,0,0,0
2013,MMR,MMR,Myanmar,Myanmar,0,0,0,372000,0,0,0
2013,MMR,NPL,Myanmar,Nepal,85,9,0,0,0,0,0
2013,MMR,NLD,Myanmar,Netherlands (Kingdom of the),847,0,0,0,0,0,0
2013,MMR,NOR,Myanmar,Norway,154,6,0,0,0,0,0
2013,MMR,NZL,Myanmar,New Zealand,34,0,0,0,0,0,0
2013,MMR,PAK,Myanmar,Pakistan,14,9,0,0,0,0,0
2013,MMR,PHL,Myanmar,Philippines,5,0,0,0,0,0,0
2013,MMR,PRT,Myanmar,Portugal,5,0,0,0,0,0,0
2013,MMR,ROU,Myanmar,Romania,35,0,0,0,0,0,0
2013,MMR,SWE,Myanmar,Sweden,43,0,0,0,0,0,0
2013,MMR,CHE,Myanmar,Switzerland,45,17,0,0,0,0,0
2013,MMR,THA,Myanmar,Thailand,135476,1662,0,0,0,216,0
2013,MMR,TUR,Myanmar,Türkiye,0,15,0,0,0,0,0
2013,MMR,UKR,Myanmar,Ukraine,0,5,0,0,0,0,0
2013,MMR,USA,Myanmar,United States of America,2471,102,0,0,0,0,0
2014,MMR,EGY,Myanmar,Egypt,0,5,0,0,0,0,0
2014,MMR,AUS,Myanmar,Australia,515,83,0,0,0,0,0
2014,MMR,AUT,Myanmar,Austria,30,0,0,0,0,0,0
2014,MMR,BEL,Myanmar,Belgium,15,18,0,0,0,0,0
2014,MMR,BGD,Myanmar,Bangladesh,232462,9,0,0,0,0,0
2014,MMR,BRA,Myanmar,Brazil,0,5,0,0,0,0,0
2014,MMR,BGR,Myanmar,Bulgaria,0,9,0,0,0,0,0
2014,MMR,KHM,Myanmar,Cambodia,21,5,0,0,0,0,0
2014,MMR,CAN,Myanmar,Canada,264,5,0,0,0,0,0
2014,MMR,CZE,Myanmar,Czechia,159,0,0,0,0,0,0
2014,MMR,DNK,Myanmar,Denmark,58,32,0,0,0,0,0
2014,MMR,FIN,Myanmar,Finland,14,15,0,0,0,0,0
2014,MMR,FRA,Myanmar,France,299,166,0,0,0,0,0
2014,MMR,GBR,Myanmar,United Kingdom of Great Britain and Northern Ireland,891,165,0,0,0,0,0
2014,MMR,DEU,Myanmar,Germany,769,147,0,0,0,0,0
2014,MMR,GRC,Myanmar,Greece,10,5,0,0,0,0,0
2014,MMR,HUN,Myanmar,Hungary,5,0,0,0,0,0,0
2014,MMR,IND,Myanmar,India,14301,2970,0,0,0,0,0
2014,MMR,IDN,Myanmar,Indonesia,760,51,0,0,0,0,0
2014,MMR,IRL,Myanmar,Ireland,8,0,0,0,0,0,0
2014,MMR,ITA,Myanmar,Italy,23,5,0,0,0,0,0
2014,MMR,JPN,Myanmar,Japan,1889,735,0,0,0,0,0
2014,MMR,KOR,Myanmar,Republic of Korea,180,26,0,0,0,0,0
2014,MMR,LKA,Myanmar,Sri Lanka,77,10,0,0,0,0,0
2014,MMR,MKD,Myanmar,North Macedonia,0,5,0,0,0,0,0
2014,MMR,MEX,Myanmar,Mexico,0,5,0,0,0,0,0
2014,MMR,MYS,Myanmar,Malaysia,93866,45743,0,0,0,0,0
2014,MMR,MMR,Myanmar,Myanmar,0,0,0,376500,0,0,0
2014,MMR,NPL,Myanmar,Nepal,101,17,0,0,0,0,0
2014,MMR,NLD,Myanmar,Netherlands (Kingdom of the),861,6,0,0,0,0,0
2014,MMR,NOR,Myanmar,Norway,155,0,0,0,0,0,0
2014,MMR,NRU,Myanmar,Nauru,5,19,0,0,0,0,0
2014,MMR,NZL,Myanmar,New Zealand,29,0,0,0,0,0,0
2014,MMR,PAK,Myanmar,Pakistan,23,0,0,0,0,0,0
2014,MMR,PHL,Myanmar,Philippines,6,0,0,0,0,0,0
2014,MMR,PNG,Myanmar,Papua New Guinea,0,49,0,0,0,0,0
2014,MMR,PRT,Myanmar,Portugal,5,0,0,0,0,0,0
2014,MMR,ROU,Myanmar,Romania,44,0,0,0,0,0,0
2014,MMR,ZAF,Myanmar,South Africa,5,0,0,0,0,0,0
2014,MMR,SGP,Myanmar,Singapore,5,0,0,0,0,0,0
2014,MMR,SWE,Myanmar,Sweden,32,5,0,0,0,0,0
2014,MMR,CHE,Myanmar,Switzerland,52,7,0,0,0,0,0
2014,MMR,THA,Myanmar,Thailand,128863,746,0,0,0,395,0
2014,MMR,TLS,Myanmar,Timor-Leste,0,0,0,0,0,5,0
2014,MMR,TUR,Myanmar,Türkiye,0,19,0,0,0,0,0
2014,MMR,UKR,Myanmar,Ukraine,0,10,0,0,0,0,0
2014,MMR,USA,Myanmar,United States of America,2204,242,0,0,0,0,0
2015,MMR,EGY,Myanmar,Egypt,0,5,0,0,0,0,0
2015,MMR,AUS,Myanmar,Australia,495,69,0,0,0,0,0
2015,MMR,AUT,Myanmar,Austria,34,16,0,0,0,0,0
2015,MMR,BEL,Myanmar,Belgium,10,8,0,0,0,0,0
2015,MMR,BGD,Myanmar,Bangladesh,231948,0,0,0,0,0,0
2015,MMR,BRA,Myanmar,Brazil,0,5,0,0,0,0,0
2015,MMR,BGR,Myanmar,Bulgaria,0,19,0,0,0,0,0
2015,MMR,KHM,Myanmar,Cambodia,19,5,0,0,0,0,0
2015,MMR,CAN,Myanmar,Canada,223,5,0,0,0,0,0
2015,MMR,CZE,Myanmar,Czechia,160,0,0,0,0,0,0
2015,MMR,DNK,Myanmar,Denmark,54,9,0,0,0,0,0
2015,MMR,FIN,Myanmar,Finland,27,5,0,0,0,0,0
2015,MMR,FRA,Myanmar,France,311,51,0,0,0,0,0
2015,MMR,GBR,Myanmar,United Kingdom of Great Britain and Northern Ireland,942,159,0,0,0,0,0
2015,MMR,DEU,Myanmar,Germany,708,170,0,0,0,0,0
2015,MMR,GRC,Myanmar,Greece,13,13,0,0,0,0,0
2015,MMR,HUN,Myanmar,Hungary,5,25,0,0,0,0,0
2015,MMR,IND,Myanmar,India,15735,2891,0,0,0,0,0
2015,MMR,IDN,Myanmar,Indonesia,686,419,0,0,0,0,0
2015,MMR,IRL,Myanmar,Ireland,13,5,0,0,0,0,0
2015,MMR,ITA,Myanmar,Italy,31,5,0,0,0,0,0
2015,MMR,JPN,Myanmar,Japan,1826,1492,0,0,0,0,0
2015,MMR,KOR,Myanmar,Republic of Korea,213,17,0,0,0,0,0
2015,MMR,LKA,Myanmar,Sri Lanka,0,5,0,0,0,0,0
2015,MMR,MEX,Myanmar,Mexico,0,5,0,0,0,0,0
2015,MMR,MYS,Myanmar,Malaysia,88637,53598,0,0,0,0,0
2015,MMR,MMR,Myanmar,Myanmar,0,0,0,451089,0,0,0
2015,MMR,NPL,Myanmar,Nepal,156,8,0,0,0,0,0
2015,MMR,NLD,Myanmar,Netherlands (Kingdom of the),878,11,0,0,0,0,0
2015,MMR,NOR,Myanmar,Norway,148,12,0,0,0,0,0
2015,MMR,NRU,Myanmar,Nauru,5,5,0,0,0,0,0
2015,MMR,NZL,Myanmar,New Zealand,22,0,0,0,0,0,0
2015,MMR,PAK,Myanmar,Pakistan,24,0,0,0,0,0,0
2015,MMR,PHL,Myanmar,Philippines,6,0,0,0,0,0,0
2015,MMR,PNG,Myanmar,Papua New Guinea,0,5,0,0,0,0,0
2015,MMR,ROU,Myanmar,Romania,43,0,0,0,0,0,0
2015,MMR,ZAF,Myanmar,South Africa,5,5,0,0,0,0,0
2015,MMR,ESP,Myanmar,Spain,0,5,0,0,0,0,0
2015,MMR,SWE,Myanmar,Sweden,26,9,0,0,0,0,0
2015,MMR,CHE,Myanmar,Switzerland,53,7,0,0,0,0,0
2015,MMR,THA,Myanmar,Thailand,106349,1189,0,0,0,438,0
2015,MMR,TLS,Myanmar,Timor-Leste,0,0,0,0,0,5,0
2015,MMR,TUR,Myanmar,Türkiye,0,19,0,0,0,0,0
2015,MMR,UKR,Myanmar,Ukraine,0,10,0,0,0,0,0
2015,MMR,USA,Myanmar,United States of America,1999,346,0,0,0,0,0
2016,MMR,AUS,Myanmar,Australia,504,91,0,0,0,0,0
2016,MMR,AUT,Myanmar,Austria,34,15,0,0,0,0,0
2016,MMR,BEL,Myanmar,Belgium,9,0,0,0,0,0,0
2016,MMR,BGD,Myanmar,Bangladesh,276198,0,0,0,0,0,0
2016,MMR,BRA,Myanmar,Brazil,0,5,0,0,0,0,0
2016,MMR,BGR,Myanmar,Bulgaria,0,5,0,0,0,0,0
2016,MMR,KHM,Myanmar,Cambodia,19,5,0,0,0,0,0
2016,MMR,CAN,Myanmar,Canada,70,5,0,0,0,0,0
2016,MMR,CZE,Myanmar,Czechia,160,5,0,0,0,0,0
2016,MMR,DNK,Myanmar,Denmark,48,5,0,0,0,0,0
2016,MMR,FIN,Myanmar,Finland,30,5,0,0,0,0,0
2016,MMR,FRA,Myanmar,France,324,17,0,0,0,0,0
2016,MMR,GBR,Myanmar,United Kingdom of Great Britain and Northern Ireland,953,87,0,0,0,0,0
2016,MMR,DEU,Myanmar,Germany,677,251,0,0,0,0,0
2016,MMR,GRC,Myanmar,Greece,15,22,0,0,0,0,0
2016,MMR,HUN,Myanmar,Hungary,5,0,0,0,0,0,0
2016,MMR,IND,Myanmar,India,15561,3677,0,0,0,0,0
2016,MMR,IDN,Myanmar,Indonesia,887,68,0,0,0,0,0
2016,MMR,IRL,Myanmar,Ireland,10,0,0,0,0,0,0
2016,MMR,IRN,Myanmar,Iran (Islamic Republic of),0,84,0,0,0,0,0
2016,MMR,ISR,Myanmar,Israel,0,51,0,0,0,0,0
2016,MMR,ITA,Myanmar,Italy,33,0,0,0,0,0,0
2016,MMR,JPN,Myanmar,Japan,1822,1782,0,0,0,0,0
2016,MMR,KOR,Myanmar,Republic of Korea,254,10,0,0,0,0,0
2016,MMR,LKA,Myanmar,Sri Lanka,5,0,0,0,0,0,0
2016,MMR,MEX,Myanmar,Mexico,0,5,0,0,0,0,0
2016,MMR,MYS,Myanmar,Malaysia,87036,48352,0,0,0,0,0
2016,MMR,MMR,Myanmar,Myanmar,0,0,0,375016,0,0,0
2016,MMR,NPL,Myanmar,Nepal,150,57,0,0,0,0,0
2016,MMR,NLD,Myanmar,Netherlands (Kingdom of the),803,36,0,0,0,0,0
2016,MMR,NOR,Myanmar,Norway,149,5,0,0,0,0,0
2016,MMR,NRU,Myanmar,Nauru,5,5,0,0,0,0,0
2016,MMR,NZL,Myanmar,New Zealand,16,0,0,0,0,0,0
2016,MMR,PAK,Myanmar,Pakistan,23,0,0,0,0,0,0
2016,MMR,PHL,Myanmar,Philippines,10,0,0,0,0,0,0
2016,MMR,ROU,Myanmar,Romania,23,0,0,0,0,0,0
2016,MMR,ESP,Myanmar,Spain,5,0,0,0,0,0,0
2016,MMR,SWE,Myanmar,Sweden,19,11,0,0,0,0,0
2016,MMR,CHE,Myanmar,Switzerland,44,0,0,0,0,0,0
2016,MMR,THA,Myanmar,Thailand,102633,826,0,0,0,261,0
2016,MMR,TUR,Myanmar,Türkiye,0,16,0,0,0,0,0
2016,MMR,UKR,Myanmar,Ukraine,0,10,0,0,0,0,0
2016,MMR,USA,Myanmar,United States of America,1751,510,0,0,0,0,0
2017,MMR,EGY,Myanmar,Egypt,5,0,0,0,0,0,0
2017,MMR,AUS,Myanmar,Australia,516,243,0,0,0,0,0
2017,MMR,AUT,Myanmar,Austria,36,14,0,0,0,0,0
2017,MMR,BEL,Myanmar,Belgium,9,0,0,0,0,0,0
2017,MMR,BGD,Myanmar,Bangladesh,932204,0,0,0,0,0,0
2017,MMR,BRA,Myanmar,Brazil,0,5,0,0,0,0,0
2017,MMR,KHM,Myanmar,Cambodia,19,5,0,0,0,0,0
2017,MMR,CAN,Myanmar,Canada,60,5,0,0,0,0,0
2017,MMR,CZE,Myanmar,Czechia,160,5,0,0,0,0,0
2017,MMR,DNK,Myanmar,Denmark,45,5,0,0,0,0,0
2017,MMR,FIN,Myanmar,Finland,30,0,0,0,0,0,0
2017,MMR,FRA,Myanmar,France,316,30,0,0,0,0,0
2017,MMR,GBR,Myanmar,United Kingdom of Great Britain and Northern Ireland,836,90,0,0,0,0,0
2017,MMR,DEU,Myanmar,Germany,831,134,0,0,0,0,0
2017,MMR,GRC,Myanmar,Greece,30,61,0,0,0,0,0
2017,MMR,HUN,Myanmar,Hungary,5,0,0,0,0,0,0
2017,MMR,IND,Myanmar,India,18089,3152,0,0,0,0,0
2017,MMR,IDN,Myanmar,Indonesia,766,49,0,0,0,0,0
2017,MMR,IRL,Myanmar,Ireland,9,10,0,0,0,0,0
2017,MMR,IRN,Myanmar,Iran (Islamic Republic of),0,84,0,0,0,0,0
2017,MMR,ISR,Myanmar,Israel,0,38,0,0,0,0,0
2017,MMR,ITA,Myanmar,Italy,34,35,0,0,0,0,0
2017,MMR,JPN,Myanmar,Japan,1469,2241,0,0,0,0,0
2017,MMR,KOR,Myanmar,Republic of Korea,292,12,0,0,0,0,0
2017,MMR,LKA,Myanmar,Sri Lanka,35,0,0,0,0,0,0
2017,MMR,MEX,Myanmar,Mexico,0,5,0,0,0,0,0
2017,MMR,MYS,Myanmar,Malaysia,98041,33656,0,0,0,0,0
2017,MMR,MMR,Myanmar,Myanmar,0,0,0,353108,0,0,0
2017,MMR,NPL,Myanmar,Nepal,190,124,0,0,0,0,0
2017,MMR,NLD,Myanmar,Netherlands (Kingdom of the),732,7,0,0,0,0,0
2017,MMR,NOR,Myanmar,Norway,130,5,0,0,0,0,0
2017,MMR,NRU,Myanmar,Nauru,115,0,0,0,0,0,0
2017,MMR,NZL,Myanmar,New Zealand,12,5,0,0,0,0,0
2017,MMR,PAK,Myanmar,Pakistan,21,0,0,0,0,0,0
2017,MMR,PHL,Myanmar,Philippines,10,0,0,0,0,0,0
2017,MMR,ROU,Myanmar,Romania,29,0,0,0,0,0,0
2017,MMR,ESP,Myanmar,Spain,5,5,0,0,0,0,0
2017,MMR,SWE,Myanmar,Sweden,16,5,0,0,0,0,0
2017,MMR,CHE,Myanmar,Switzerland,40,0,0,0,0,0,0
2017,MMR,THA,Myanmar,Thailand,99982,254,0,0,0,109,0
2017,MMR,TUR,Myanmar,Türkiye,0,15,0,0,0,0,0
2017,MMR,UKR,Myanmar,Ukraine,0,10,0,0,0,0,0
2017,MMR,USA,Myanmar,United States of America,1623,779,0,0,0,0,0
2018,MMR,AUS,Myanmar,Australia,550,224,0,0,0,0,0
2018,MMR,AUT,Myanmar,Austria,32,12,0,0,0,0,0
2018,MMR,BEL,Myanmar,Belgium,9,0,0,0,0,0,0
2018,MMR,BGD,Myanmar,Bangladesh,906635,0,0,0,0,0,0
2018,MMR,BRA,Myanmar,Brazil,0,8,0,0,0,0,0
2018,MMR,BGR,Myanmar,Bulgaria,0,5,0,0,0,0,0
2018,MMR,CAN,Myanmar,Canada,55,23,0,0,0,0,0
2018,MMR,CZE,Myanmar,Czechia,145,0,0,0,0,0,0
2018,MMR,DNK,Myanmar,Denmark,30,12,0,0,0,0,0
2018,MMR,FIN,Myanmar,Finland,30,5,0,0,0,0,0
2018,MMR,FRA,Myanmar,France,321,28,0,0,0,0,0
2018,MMR,GBR,Myanmar,United Kingdom of Great Britain and Northern Ireland,721,61,0,0,0,0,0
2018,MMR,DEU,Myanmar,Germany,854,150,0,0,0,0,0
2018,MMR,GRC,Myanmar,Greece,50,65,0,0,0,0,0
2018,MMR,HUN,Myanmar,Hungary,5,0,0,0,0,0,0
2018,MMR,IND,Myanmar,India,18813,2064,0,0,0,0,0
2018,MMR,IDN,Myanmar,Indonesia,713,113,0,0,0,0,0
2018,MMR,IRL,Myanmar,Ireland,8,8,0,0,0,0,0
2018,MMR,IRN,Myanmar,Iran (Islamic Republic of),0,33,0,0,0,0,0
2018,MMR,ISR,Myanmar,Israel,0,23,0,0,0,0,0
2018,MMR,ITA,Myanmar,Italy,43,14,0,0,0,0,0
2018,MMR,JPN,Myanmar,Japan,1125,0,0,0,0,0,0
2018,MMR,KOR,Myanmar,Republic of Korea,328,27,0,0,0,0,0
2018,MMR,LKA,Myanmar,Sri Lanka,33,0,0,0,0,0,0
2018,MMR,MYS,Myanmar,Malaysia,114227,26448,0,0,0,0,0
2018,MMR,MMR,Myanmar,Myanmar,0,0,0,370306,0,0,0
2018,MMR,NPL,Myanmar,Nepal,332,34,0,0,0,0,0
2018,MMR,NLD,Myanmar,Netherlands (Kingdom of the),567,22,0,0,0,0,0
2018,MMR,NOR,Myanmar,Norway,128,10,0,0,0,0,0
2018,MMR,NRU,Myanmar,Nauru,115,13,0,0,0,0,0
2018,MMR,NZL,Myanmar,New Zealand,7,5,0,0,0,0,0
2018,MMR,PAK,Myanmar,Pakistan,22,31,0,0,0,0,0
2018,MMR,PHL,Myanmar,Philippines,10,0,0,0,0,0,0
2018,MMR,PNG,Myanmar,Papua New Guinea,0,5,0,0,0,0,0
2018,MMR,ROU,Myanmar,Romania,29,5,0,0,0,0,0
2018,MMR,ESP,Myanmar,Spain,5,5,0,0,0,0,0
2018,MMR,SWE,Myanmar,Sweden,15,11,0,0,0,0,0
2018,MMR,CHE,Myanmar,Switzerland,36,0,0,0,0,0,0
2018,MMR,THA,Myanmar,Thailand,97603,0,0,0,0,98,0
2018,MMR,TUR,Myanmar,Türkiye,0,26,0,0,0,0,0
2018,MMR,UKR,Myanmar,Ukraine,0,13,0,0,0,0,0
2018,MMR,USA,Myanmar,United States of America,1553,956,0,0,0,0,0
2019,MMR,AUS,Myanmar,Australia,506,223,0,0,0,0,0
2019,MMR,AUT,Myanmar,Austria,34,7,0,0,0,0,0
2019,MMR,BEL,Myanmar,Belgium,8,0,0,0,0,0,0
2019,MMR,BGD,Myanmar,Bangladesh,854764,0,0,0,0,0,0
2019,MMR,BRA,Myanmar,Brazil,0,6,0,0,0,0,0
2019,MMR,CAN,Myanmar,Canada,0,14,0,0,0,0,0
2019,MMR,CZE,Myanmar,Czechia,145,0,0,0,0,0,0
2019,MMR,DNK,Myanmar,Denmark,28,11,0,0,0,0,0
2019,MMR,FIN,Myanmar,Finland,32,5,0,0,0,0,0
2019,MMR,FRA,Myanmar,France,329,6,0,0,0,0,0
2019,MMR,GBR,Myanmar,United Kingdom of Great Britain and Northern Ireland,613,54,0,0,0,0,0
2019,MMR,DEU,Myanmar,Germany,851,294,0,0,0,0,0
2019,MMR,GRC,Myanmar,Greece,74,24,0,0,0,0,0
2019,MMR,HUN,Myanmar,Hungary,5,0,0,0,0,0,0
2019,MMR,IND,Myanmar,India,2574,676,0,0,0,0,0
2019,MMR,IDN,Myanmar,Indonesia,595,33,0,0,0,0,0
2019,MMR,IRL,Myanmar,Ireland,13,5,0,0,0,0,0
2019,MMR,IRN,Myanmar,Iran (Islamic Republic of),0,33,0,0,0,0,0
2019,MMR,ISR,Myanmar,Israel,0,23,0,0,0,0,0
2019,MMR,ITA,Myanmar,Italy,49,5,0,0,0,0,0
2019,MMR,JPN,Myanmar,Japan,668,0,0,0,0,0,0
2019,MMR,KOR,Myanmar,Republic of Korea,363,72,0,0,0,0,0
2019,MMR,LKA,Myanmar,Sri Lanka,34,0,0,0,0,0,0
2019,MMR,MYS,Myanmar,Malaysia,119231,34546,0,0,0,0,0
2019,MMR,MMR,Myanmar,Myanmar,0,0,0,312018,0,0,0
2019,MMR,NPL,Myanmar,Nepal,351,11,0,0,0,0,0
2019,MMR,NLD,Myanmar,Netherlands (Kingdom of the),495,40,0,0,0,0,0
2019,MMR,NOR,Myanmar,Norway,109,0,0,0,0,0,0
2019,MMR,NRU,Myanmar,Nauru,66,13,0,0,0,0,0
2019,MMR,NZL,Myanmar,New Zealand,12,0,0,0,0,0,0
2019,MMR,PAK,Myanmar,Pakistan,23,31,0,0,0,0,0
2019,MMR,PHL,Myanmar,Philippines,7,0,0,0,0,0,0
2019,MMR,PNG,Myanmar,Papua New Guinea,5,0,0,0,0,0,0
2019,MMR,ROU,Myanmar,Romania,26,0,0,0,0,0,0
2019,MMR,ESP,Myanmar,Spain,8,0,0,0,0,0,0
2019,MMR,SWE,Myanmar,Sweden,10,12,0,0,0,0,0
2019,MMR,CHE,Myanmar,Switzerland,34,0,0,0,0,0,0
2019,MMR,THA,Myanmar,Thailand,93335,13,0,0,0,119,0
2019,MMR,UKR,Myanmar,Ukraine,0,6,0,0,0,0,0
2019,MMR,USA,Myanmar,United States of America,1429,1294,0,0,0,0,0
2020,MMR,AUS,Myanmar,Australia,477,310,0,0,0,0,0
2020,MMR,AUT,Myanmar,Austria,35,5,0,0,0,0,0
2020,MMR,BEL,Myanmar,Belgium,8,0,0,0,0,0,0
2020,MMR,BGD,Myanmar,Bangladesh,866518,0,0,0,0,0,0
2020,MMR,BRA,Myanmar,Brazil,0,6,0,0,0,0,0
2020,MMR,BIH,Myanmar,Bosnia and Herzegovina,0,0,0,0,0,5,0
2020,MMR,CZE,Myanmar,Czechia,145,0,0,0,0,0,0
2020,MMR,DNK,Myanmar,Denmark,21,0,0,0,0,0,0
2020,MMR,FIN,Myanmar,Finland,33,6,0,0,0,0,0
2020,MMR,FRA,Myanmar,France,324,5,0,0,0,0,0
2020,MMR,GBR,Myanmar,United Kingdom of Great Britain and Northern Ireland,511,64,0,0,0,0,0
2020,MMR,DEU,Myanmar,Germany,869,443,0,0,0,0,0
2020,MMR,GRC,Myanmar,Greece,101,16,0,0,0,0,0
2020,MMR,HUN,Myanmar,Hungary,5,0,0,0,0,0,0
2020,MMR,IND,Myanmar,India,19398,1974,0,0,0,0,0
2020,MMR,IDN,Myanmar,Indonesia,491,418,0,0,0,0,0
2020,MMR,IRL,Myanmar,Ireland,13,5,0,0,0,0,0
2020,MMR,IRN,Myanmar,Iran (Islamic Republic of),0,34,0,0,0,0,0
2020,MMR,ISR,Myanmar,Israel,0,26,0,0,0,0,0
2020,MMR,ITA,Myanmar,Italy,0,6,0,0,0,0,0
2020,MMR,JPN,Myanmar,Japan,285,0,0,0,0,0,0
2020,MMR,KOR,Myanmar,Republic of Korea,390,51,0,0,0,0,0
2020,MMR,LKA,Myanmar,Sri Lanka,34,0,0,0,0,0,0
2020,MMR,MYS,Myanmar,Malaysia,119578,34459,0,0,0,0,0
2020,MMR,MMR,Myanmar,Myanmar,0,0,0,370320,0,0,0
2020,MMR,NPL,Myanmar,Nepal,359,25,0,0,0,0,0
2020,MMR,NLD,Myanmar,Netherlands (Kingdom of the),333,26,0,0,0,0,0
2020,MMR,NOR,Myanmar,Norway,49,5,0,0,0,0,0
2020,MMR,NRU,Myanmar,Nauru,74,0,0,0,0,0,0
2020,MMR,NZL,Myanmar,New Zealand,12,0,0,0,0,0,0
2020,MMR,PAK,Myanmar,Pakistan,23,31,0,0,0,0,0
2020,MMR,PHL,Myanmar,Philippines,5,0,0,0,0,0,0
2020,MMR,PNG,Myanmar,Papua New Guinea,5,0,0,0,0,0,0
2020,MMR,ROU,Myanmar,Romania,24,0,0,0,0,0,0
2020,MMR,SAU,Myanmar,Saudi Arabia,0,87,0,0,0,0,0
2020,MMR,ESP,Myanmar,Spain,9,0,0,0,0,0,0
2020,MMR,SWE,Myanmar,Sweden,9,9,0,0,0,0,0
2020,MMR,CHE,Myanmar,Switzerland,30,0,0,0,0,0,0
2020,MMR,THA,Myanmar,Thailand,91805,0,0,0,0,146,0
2020,MMR,UKR,Myanmar,Ukraine,0,6,0,0,0,0,0
2020,MMR,USA,Myanmar,United States of America,1272,2190,0,0,0,0,0
2021,MMR,ARM,Myanmar,Armenia,0,5,0,0,0,0,0
2021,MMR,AUS,Myanmar,Australia,407,777,0,0,0,0,0
2021,MMR,AUT,Myanmar,Austria,32,9,0,0,0,0,0
2021,MMR,BEL,Myanmar,Belgium,8,5,0,0,0,0,0
2021,MMR,BGD,Myanmar,Bangladesh,918898,0,0,0,0,0,0
2021,MMR,BRA,Myanmar,Brazil,0,6,0,0,0,0,0
2021,MMR,KHM,Myanmar,Cambodia,8,7,0,0,0,0,0
2021,MMR,CAN,Myanmar,Canada,9,22,0,0,0,0,0
2021,MMR,CZE,Myanmar,Czechia,149,0,0,0,0,0,0
2021,MMR,DNK,Myanmar,Denmark,13,5,0,0,0,0,0
2021,MMR,FIN,Myanmar,Finland,32,5,0,0,0,0,0
2021,MMR,FRA,Myanmar,France,355,12,0,0,0,0,0
2021,MMR,GBR,Myanmar,United Kingdom of Great Britain and Northern Ireland,367,87,0,0,0,0,0
2021,MMR,DEU,Myanmar,Germany,890,472,0,0,0,0,0
2021,MMR,GRC,Myanmar,Greece,100,7,0,0,0,0,0
2021,MMR,IND,Myanmar,India,35832,3785,0,0,0,0,0
2021,MMR,IDN,Myanmar,Indonesia,480,202,0,0,0,0,0
2021,MMR,IRL,Myanmar,Ireland,13,5,0,0,0,0,0
2021,MMR,IRN,Myanmar,Iran (Islamic Republic of),0,34,0,0,0,0,0
2021,MMR,ISR,Myanmar,Israel,0,104,0,0,0,0,0
2021,MMR,ITA,Myanmar,Italy,5,9,0,0,0,0,0
2021,MMR,JPN,Myanmar,Japan,583,0,0,0,0,0,0
2021,MMR,KOR,Myanmar,Republic of Korea,396,107,0,0,0,0,0
2021,MMR,LKA,Myanmar,Sri Lanka,35,0,0,0,0,0,0
2021,MMR,MYS,Myanmar,Malaysia,120598,34807,0,0,0,0,0
2021,MMR,MMR,Myanmar,Myanmar,0,0,0,671011,0,0,0
2021,MMR,NPL,Myanmar,Nepal,377,101,0,0,0,0,0
2021,MMR,NLD,Myanmar,Netherlands (Kingdom of the),203,20,0,0,0,0,0
2021,MMR,NOR,Myanmar,Norway,22,5,0,0,0,0,0
2021,MMR,NRU,Myanmar,Nauru,71,0,0,0,0,0,0
2021,MMR,NZL,Myanmar,New Zealand,12,17,0,0,0,0,0
2021,MMR,PAK,Myanmar,Pakistan,23,31,0,0,0,0,0
2021,MMR,PHL,Myanmar,Philippines,10,0,0,0,0,0,0
2021,MMR,PNG,Myanmar,Papua New Guinea,5,0,0,0,0,0,0
2021,MMR,ROU,Myanmar,Romania,30,0,0,0,0,0,0
2021,MMR,SAU,Myanmar,Saudi Arabia,0,115,0,0,0,0,0
2021,MMR,ESP,Myanmar,Spain,8,5,0,0,0,0,0
2021,MMR,SWE,Myanmar,Sweden,6,5,0,0,0,0,0
2021,MMR,CHE,Myanmar,Switzerland,41,5,0,0,0,0,0
2021,MMR,THA,Myanmar,Thailand,96086,0,0,0,0,198,0
2021,MMR,UKR,Myanmar,Ukraine,0,6,0,0,0,0,0
2021,MMR,USA,Myanmar,United States of America,1223,3096,0,0,0,0,0
2022,MMR,ARM,Myanmar,Armenia,5,0,0,0,0,0,0
2022,MMR,AUS,Myanmar,Australia,626,1098,0,0,0,0,0
2022,MMR,AUT,Myanmar,Austria,37,12,0,0,0,0,0
2022,MMR,BEL,Myanmar,Belgium,7,0,0,0,0,0,0
2022,MMR,BGD,Myanmar,Bangladesh,952365,5,0,0,0,0,0
2022,MMR,BRA,Myanmar,Brazil,5,5,0,0,0,0,0
2022,MMR,KHM,Myanmar,Cambodia,8,7,0,0,0,0,0
2022,MMR,CAN,Myanmar,Canada,57,38,0,0,0,0,0
2022,MMR,CZE,Myanmar,Czechia,166,0,0,0,0,0,0
2022,MMR,DNK,Myanmar,Denmark,13,13,0,0,0,0,0
2022,MMR,FIN,Myanmar,Finland,31,9,0,0,0,0,0
2022,MMR,FRA,Myanmar,France,378,34,0,0,0,0,0
2022,MMR,GBR,Myanmar,United Kingdom of Great Britain and Northern Ireland,319,210,0,0,0,0,0
2022,MMR,GEO,Myanmar,Georgia,0,14,0,0,0,0,0
2022,MMR,DEU,Myanmar,Germany,760,395,0,0,0,0,0
2022,MMR,GRC,Myanmar,Greece,108,5,0,0,0,0,0
2022,MMR,IND,Myanmar,India,67482,7125,0,0,0,0,0
2022,MMR,IDN,Myanmar,Indonesia,453,457,0,0,0,0,0
2022,MMR,IRL,Myanmar,Ireland,14,9,0,0,0,0,0
2022,MMR,IRN,Myanmar,Iran (Islamic Republic of),0,34,0,0,0,0,0
2022,MMR,ISR,Myanmar,Israel,0,217,0,0,0,0,0
2022,MMR,ITA,Myanmar,Italy,14,11,0,0,0,0,0
2022,MMR,JPN,Myanmar,Japan,11764,0,0,0,0,0,0
2022,MMR,KOR,Myanmar,Republic of Korea,477,385,0,0,0,0,0
2022,MMR,LKA,Myanmar,Sri Lanka,36,0,0,0,0,0,0
2022,MMR,LUX,Myanmar,Luxembourg,0,5,0,0,0,0,0
2022,MMR,MYS,Myanmar,Malaysia,123563,34602,0,0,0,0,0
2022,MMR,MMR,Myanmar,Myanmar,0,0,0,1504848,0,0,0
2022,MMR,NPL,Myanmar,Nepal,374,91,0,0,0,0,0
2022,MMR,NLD,Myanmar,Netherlands (Kingdom of the),430,55,0,0,0,0,0
2022,MMR,NOR,Myanmar,Norway,23,8,0,0,0,0,0
2022,MMR,NRU,Myanmar,Nauru,5,0,0,0,0,0,0
2022,MMR,NZL,Myanmar,New Zealand,19,17,0,0,0,0,0
2022,MMR,PAK,Myanmar,Pakistan,24,31,0,0,0,0,0
2022,MMR,PHL,Myanmar,Philippines,10,5,0,0,0,0,0
2022,MMR,PRT,Myanmar,Portugal,0,5,0,0,0,0,0
2022,MMR,ROU,Myanmar,Romania,31,0,0,0,0,0,0
2022,MMR,ESP,Myanmar,Spain,15,0,0,0,0,0,0
2022,MMR,SWE,Myanmar,Sweden,9,9,0,0,0,0,0
2022,MMR,CHE,Myanmar,Switzerland,49,17,0,0,0,0,0
2022,MMR,THA,Myanmar,Thailand,90619,0,0,0,0,321,0
2022,MMR,USA,Myanmar,United States of America,1322,3773,0,0,0,0,0
2023,MMR,ARM,Myanmar,Armenia,9,0,0,0,0,0,0
2023,MMR,AUS,Myanmar,Australia,1310,613,0,0,0,0,0
2023,MMR,AUT,Myanmar,Austria,25,11,0,0,0,0,0
2023,MMR,BEL,Myanmar,Belgium,9,0,0,0,0,0,0
2023,MMR,BGD,Myanmar,Bangladesh,971964,0,0,0,0,0,0
2023,MMR,BRA,Myanmar,Brazil,5,0,0,0,0,0,0
2023,MMR,KHM,Myanmar,Cambodia,8,5,0,0,0,0,0
2023,MMR,CAN,Myanmar,Canada,98,61,0,0,0,0,0
2023,MMR,CZE,Myanmar,Czechia,198,0,0,0,0,0,0
2023,MMR,DNK,Myanmar,Denmark,12,29,0,0,0,0,0
2023,MMR,FIN,Myanmar,Finland,37,17,0,0,0,0,0
2023,MMR,FRA,Myanmar,France,405,36,0,0,0,0,0
2023,MMR,GBR,Myanmar,United Kingdom of Great Britain and Northern Ireland,400,266,0,0,0,0,0
2023,MMR,DEU,Myanmar,Germany,1080,465,0,0,0,0,0
2023,MMR,GRC,Myanmar,Greece,126,8,0,0,0,0,0
2023,MMR,HUN,Myanmar,Hungary,5,0,0,0,0,0,0
2023,MMR,IND,Myanmar,India,76513,7243,0,0,0,0,0
2023,MMR,IDN,Myanmar,Indonesia,362,1701,0,0,0,0,0
2023,MMR,IRL,Myanmar,Ireland,18,9,0,0,0,0,0
2023,MMR,ISR,Myanmar,Israel,0,238,0,0,0,0,0
2023,MMR,ITA,Myanmar,Italy,57,20,0,0,0,0,0
2023,MMR,JPN,Myanmar,Japan,18263,0,0,0,0,0,0
2023,MMR,KOR,Myanmar,Republic of Korea,505,479,0,0,0,0,0
2023,MMR,LKA,Myanmar,Sri Lanka,111,0,0,0,0,0,0
2023,MMR,LUX,Myanmar,Luxembourg,5,0,0,0,0,0,0
2023,MMR,MYS,Myanmar,Malaysia,125698,36745,0,0,0,0,0
2023,MMR,MMR,Myanmar,Myanmar,0,0,0,2607645,0,0,0
2023,MMR,NPL,Myanmar,Nepal,411,91,0,0,0,0,0
2023,MMR,NLD,Myanmar,Netherlands (Kingdom of the),410,63,0,0,0,0,0
2023,MMR,NOR,Myanmar,Norway,21,15,0,0,0,0,0
2023,MMR,NZL,Myanmar,New Zealand,29,24,0,0,0,0,0
2023,MMR,PAK,Myanmar,Pakistan,27,32,0,0,0,0,0
2023,MMR,PHL,Myanmar,Philippines,9,21,0,0,0,0,0
2023,MMR,PRT,Myanmar,Portugal,0,5,0,0,0,0,0
2023,MMR,ROU,Myanmar,Romania,24,0,0,0,0,0,0
2023,MMR,ESP,Myanmar,Spain,13,0,0,0,0,0,0
2023,MMR,SWE,Myanmar,Sweden,22,0,0,0,0,0,0
2023,MMR,CHE,Myanmar,Switzerland,65,20,0,0,0,0,0
2023,MMR,THA,Myanmar,Thailand,83821,0,0,0,0,584,0
2023,MMR,USA,Myanmar,United States of America,1351,6419,0,0,0,0,0
2024,MMR,EGY,Myanmar,Egypt,0,5,0,0,0,0,0
2024,MMR,ARM,Myanmar,Armenia,9,0,0,0,0,0,0
2024,MMR,AUS,Myanmar,Australia,1760,648,0,0,0,0,0
2024,MMR,AUT,Myanmar,Austria,26,12,0,0,0,0,0
2024,MMR,BEL,Myanmar,Belgium,11,8,0,0,0,0,0
2024,MMR,BGD,Myanmar,Bangladesh,1005561,35,0,0,0,0,0
2024,MMR,BRA,Myanmar,Brazil,5,0,0,0,0,0,0
2024,MMR,KHM,Myanmar,Cambodia,8,5,0,0,0,0,0
2024,MMR,CAN,Myanmar,Canada,123,294,0,0,0,0,0
2024,MMR,CZE,Myanmar,Czechia,219,9,0,0,0,0,0
2024,MMR,DNK,Myanmar,Denmark,1178,32,0,0,0,0,0
2024,MMR,FIN,Myanmar,Finland,45,20,0,0,0,0,0
2024,MMR,FRA,Myanmar,France,474,48,0,0,0,0,0
2024,MMR,GBR,Myanmar,United Kingdom of Great Britain and Northern Ireland,505,537,0,0,0,0,0
2024,MMR,DEU,Myanmar,Germany,1305,371,0,0,0,0,0
2024,MMR,GRC,Myanmar,Greece,26,5,0,0,0,0,0
2024,MMR,HUN,Myanmar,Hungary,5,0,0,0,0,0,0
2024,MMR,IND,Myanmar,India,72826,8856,0,0,0,0,0
2024,MMR,IDN,Myanmar,Indonesia,817,1862,0,0,0,0,0
2024,MMR,IRL,Myanmar,Ireland,21,29,0,0,0,0,0
2024,MMR,ISR,Myanmar,Israel,0,238,0,0,0,0,0
2024,MMR,ITA,Myanmar,Italy,53,27,0,0,0,0,0
2024,MMR,JPN,Myanmar,Japan,24761,0,0,0,0,0,0
2024,MMR,KOR,Myanmar,Republic of Korea,529,665,0,0,0,0,0
2024,MMR,LKA,Myanmar,Sri Lanka,112,117,0,0,0,0,0
2024,MMR,LUX,Myanmar,Luxembourg,5,0,0,0,0,0,0
2024,MMR,MYS,Myanmar,Malaysia,128365,42169,0,0,0,0,0
2024,MMR,MMR,Myanmar,Myanmar,0,0,0,3513867,0,0,0
2024,MMR,NPL,Myanmar,Nepal,427,66,0,0,0,0,0
2024,MMR,NLD,Myanmar,Netherlands (Kingdom of the),391,92,0,0,0,0,0
2024,MMR,NOR,Myanmar,Norway,153,14,0,0,0,0,0
2024,MMR,NZL,Myanmar,New Zealand,58,38,0,0,0,0,0
2024,MMR,PAK,Myanmar,Pakistan,28,32,0,0,0,0,0
2024,MMR,PHL,Myanmar,Philippines,15,37,0,0,0,0,0
2024,MMR,PRT,Myanmar,Portugal,0,5,0,0,0,0,0
2024,MMR,ROU,Myanmar,Romania,20,0,0,0,0,0,0
2024,MMR,ESP,Myanmar,Spain,14,5,0,0,0,0,0
2024,MMR,SWE,Myanmar,Sweden,207,6,0,0,0,0,0
2024,MMR,CHE,Myanmar,Switzerland,73,33,0,0,0,0,0
2024,MMR,THA,Myanmar,Thailand,81005,0,0,0,0,513,0
2024,MMR,USA,Myanmar,United States of America,1363,9626,0,0,0,0,0
