Year,Country of Origin Code,Country of Origin Name,Country of Asylum Code,Country of Asylum Name,Displaced From,Displaced Stateless Within,Displaced Stateless From,Asylum seekers Incoming,Asylum seekers Outgoing,Number of Applications Incoming,Number of Applications Outgoing,Host community Incoming,Host community Outgoing,Internally displaced persons Incoming,Internally displaced persons Outgoing,Other people in need of international protection Incoming,Other people in need of international protection Outgoing,Others of concern to UNHCR Incoming,Others of concern to UNHCR Outgoing,Refugees Incoming,Refugees Outgoing,Stateless Persons Incoming,Stateless Persons Outgoing
#date+year,#country+code+origin,#country+name+origin,#country+code+asylum,#country+name+asylum,#affected+displaced+outgoing,#affected+displaced+stateless+incoming,#affected+displaced+stateless+outgoing,#affected+asylum_seekers+incoming,#affected+asylum_seekers+outgoing,#inneed+asylum_seekers+applications+incoming,#inneed+asylum_seekers+applications+outgoing,#affected+hst+incoming,#affected+hst+outgoing,#affected+idps+incoming,#affected+idps+outgoing,#affected+oip+incoming,#affected+oip+outgoing,#affected+others+incoming,#affected+others+outgoing,#affected+refugees+incoming,#affected+refugees+outgoing,#affected+stateless+incoming,#affected+stateless+outgoing
2015,MMR,Myanmar,EGY,Egypt,5,5,5,5,5,,,0,0,0,0,0,0,0,0,0,0,0,0
2015,MMR,Myanmar,AUS,Australia,564,564,564,69,69,26,26,0,0,0,0,0,0,0,0,495,495,0,0
2015,MMR,Myanmar,AUT,Austria,50,50,50,16,16,23,23,0,0,0,0,0,0,0,0,34,34,0,0
2015,MMR,Myanmar,BEL,Belgium,18,18,18,8,8,5,5,0,0,0,0,0,0,0,0,10,10,0,0
2015,MMR,Myanmar,BGD,Bangladesh,231948,231948,231948,0,0,,,0,0,0,0,0,0,0,0,231948,231948,0,0
2015,MMR,Myanmar,BRA,Brazil,5,5,5,5,5,,,0,0,0,0,0,0,0,0,0,0,0,0
2015,MMR,Myanmar,BGR,Bulgaria,19,19,19,19,19,14,14,0,0,0,0,0,0,0,0,0,0,0,0
2015,MMR,Myanmar,KHM,Cambodia,24,24,24,5,5,,,0,0,0,0,0,0,0,0,19,19,0,0
2015,MMR,Myanmar,CAN,Canada,228,228,228,5,5,5,5,0,0,0,0,0,0,0,0,223,223,0,0
2015,MMR,Myanmar,CZE,Czechia,160,160,160,0,0,,,0,0,0,0,0,0,0,0,160,160,0,0
2015,MMR,Myanmar,DNK,Denmark,63,63,63,9,9,11,11,0,0,0,0,0,0,0,0,54,54,0,0
2015,MMR,Myanmar,FIN,Finland,32,32,32,5,5,5,5,0,0,0,0,0,0,0,0,27,27,0,0
2015,MMR,Myanmar,FRA,France,362,362,362,51,51,48,48,0,0,0,0,0,0,0,0,311,311,0,0
2015,MMR,Myanmar,GBR,United Kingdom of Great Britain and Northern Ireland,1101,1101,1101,159,159,175,175,0,0,0,0,0,0,0,0,942,942,0,0
2015,MMR,Myanmar,DEU,Germany,878,878,878,170,170,54,54,0,0,0,0,0,0,0,0,708,708,0,0
2015,MMR,Myanmar,GRC,Greece,26,26,26,13,13,18,18,0,0,0,0,0,0,0,0,13,13,0,0
2015,MMR,Myanmar,HUN,Hungary,30,30,30,25,25,68,68,0,0,0,0,0,0,0,0,5,5,0,0
2015,MMR,Myanmar,IND,India,18626,18626,18626,2891,2891,2847,2847,0,0,0,0,0,0,0,0,15735,15735,0,0
2015,MMR,Myanmar,IDN,Indonesia,1105,1105,1105,419,419,1034,1034,0,0,0,0,0,0,0,0,686,686,0,0
2015,MMR,Myanmar,IRL,Ireland,18,18,18,5,5,5,5,0,0,0,0,0,0,0,0,13,13,0,0
2015,MMR,Myanmar,ITA,Italy,36,36,36,5,5,5,5,0,0,0,0,0,0,0,0,31,31,0,0
2015,MMR,Myanmar,JPN,Japan,3318,3318,3318,1492,1492,808,808,0,0,0,0,0,0,0,0,1826,1826,0,0
2015,MMR,Myanmar,KOR,Republic of Korea,230,230,230,17,17,44,44,0,0,0,0,0,0,0,0,213,213,0,0
2015,MMR,Myanmar,LKA,Sri Lanka,5,5,5,5,5,5,5,0,0,0,0,0,0,0,0,0,0,0,0
2015,MMR,Myanmar,MEX,Mexico,5,5,5,5,5,,,0,0,0,0,0,0,0,0,0,0,0,0
2015,MMR,Myanmar,MYS,Malaysia,142235,142235,142235,53598,53598,18141,18141,0,0,0,0,0,0,0,0,88637,88637,0,0
2015,MMR,Myanmar,MMR,Myanmar,0,451089,451089,0,0,,,0,0,451089,451089,0,0,0,0,0,0,0,0
2015,MMR,Myanmar,NPL,Nepal,164,164,164,8,8,56,56,0,0,0,0,0,0,0,0,156,156,0,0
2015,MMR,Myanmar,NLD,Netherlands (Kingdom of the),889,889,889,11,11,37,37,0,0,0,0,0,0,0,0,878,878,0,0
2015,MMR,Myanmar,NOR,Norway,160,160,160,12,12,5,5,0,0,0,0,0,0,0,0,148,148,0,0
2015,MMR,Myanmar,NRU,Nauru,10,10,10,5,5,,,0,0,0,0,0,0,0,0,5,5,0,0
2015,MMR,Myanmar,NZL,New Zealand,22,22,22,0,0,,,0,0,0,0,0,0,0,0,22,22,0,0
2015,MMR,Myanmar,PAK,Pakistan,24,24,24,0,0,7,7,0,0,0,0,0,0,0,0,24,24,0,0
2015,MMR,Myanmar,PHL,Philippines,6,6,6,0,0,,,0,0,0,0,0,0,0,0,6,6,0,0
2015,MMR,Myanmar,PNG,Papua New Guinea,5,5,5,5,5,,,0,0,0,0,0,0,0,0,0,0,0,0
2015,MMR,Myanmar,ROU,Romania,43,43,43,0,0,,,0,0,0,0,0,0,0,0,43,43,0,0
2015,MMR,Myanmar,ZAF,South Africa,10,10,10,5,5,,,0,0,0,0,0,0,0,0,5,5,0,0
2015,MMR,Myanmar,ESP,Spain,5,5,5,5,5,5,5,0,0,0,0,0,0,0,0,0,0,0,0
2015,MMR,Myanmar,SWE,Sweden,35,35,35,9,9,9,9,0,0,0,0,0,0,0,0,26,26,0,0
2015,MMR,Myanmar,CHE,Switzerland,60,60,60,7,7,6,6,0,0,0,0,0,0,0,0,53,53,0,0
2015,MMR,Myanmar,THA,Thailand,107538,107538,107538,1189,1189,356,356,0,0,0,0,0,0,438,438,106349,106349,0,0
2015,MMR,Myanmar,TLS,Timor-Leste,0,0,0,0,0,,,0,0,0,0,0,0,5,5,0,0,0,0
2015,MMR,Myanmar,TUR,T端rkiye,19,19,19,19,19,,,0,0,0,0,0,0,0,0,0,0,0,0
2015,MMR,Myanmar,UKR,Ukraine,10,10,10,10,10,,,0,0,0,0,0,0,0,0,0,0,0,0
2015,MMR,Myanmar,USA,United States of America,2345,2345,2345,346,346,155,155,0,0,0,0,0,0,0,0,1999,1999,0,0
2015,STA,Stateless,MMR,Myanmar,0,938000,938000,0,0,,,0,0,0,0,0,0,0,0,0,0,938000,938000
2016,MMR,Myanmar,AUS,Australia,595,595,595,91,91,60,60,0,0,0,0,0,0,0,0,504,504,0,0
2016,MMR,Myanmar,AUT,Austria,49,49,49,15,15,,,0,0,0,0,0,0,0,0,34,34,0,0
2016,MMR,Myanmar,BEL,Belgium,9,9,9,0,0,5,5,0,0,0,0,0,0,0,0,9,9,0,0
2016,MMR,Myanmar,BGD,Bangladesh,276198,276198,276198,0,0,,,0,0,0,0,0,0,0,0,276198,276198,0,0
2016,MMR,Myanmar,BRA,Brazil,5,5,5,5,5,,,0,0,0,0,0,0,0,0,0,0,0,0
2016,MMR,Myanmar,BGR,Bulgaria,5,5,5,5,5,,,0,0,0,0,0,0,0,0,0,0,0,0
2016,MMR,Myanmar,KHM,Cambodia,24,24,24,5,5,,,0,0,0,0,0,0,0,0,19,19,0,0
2016,MMR,Myanmar,CAN,Canada,75,75,75,5,5,5,5,0,0,0,0,0,0,0,0,70,70,0,0
2016,MMR,Myanmar,CZE,Czechia,165,165,165,5,5,5,5,0,0,0,0,0,0,0,0,160,160,0,0
2016,MMR,Myanmar,DNK,Denmark,53,53,53,5,5,5,5,0,0,0,0,0,0,0,0,48,48,0,0
2016,MMR,Myanmar,FIN,Finland,35,35,35,5,5,7,7,0,0,0,0,0,0,0,0,30,30,0,0
2016,MMR,Myanmar,FRA,France,341,341,341,17,17,37,37,0,0,0,0,0,0,0,0,324,324,0,0
2016,MMR,Myanmar,GBR,United Kingdom of Great Britain and Northern Ireland,1040,1040,1040,87,87,79,79,0,0,0,0,0,0,0,0,953,953,0,0
2016,MMR,Myanmar,DEU,Germany,928,928,928,251,251,131,131,0,0,0,0,0,0,0,0,677,677,0,0
2016,MMR,Myanmar,GRC,Greece,37,37,37,22,22,15,15,0,0,0,0,0,0,0,0,15,15,0,0
2016,MMR,Myanmar,HUN,Hungary,5,5,5,0,0,7,7,0,0,0,0,0,0,0,0,5,5,0,0
2016,MMR,Myanmar,IND,India,19238,19238,19238,3677,3677,3035,3035,0,0,0,0,0,0,0,0,15561,15561,0,0
2016,MMR,Myanmar,IDN,Indonesia,955,955,955,68,68,83,83,0,0,0,0,0,0,0,0,887,887,0,0
2016,MMR,Myanmar,IRL,Ireland,10,10,10,0,0,,,0,0,0,0,0,0,0,0,10,10,0,0
2016,MMR,Myanmar,IRN,Iran (Islamic Republic of),84,84,84,84,84,85,85,0,0,0,0,0,0,0,0,0,0,0,0
2016,MMR,Myanmar,ISR,Israel,51,51,51,51,51,,,0,0,0,0,0,0,0,0,0,0,0,0
2016,MMR,Myanmar,ITA,Italy,33,33,33,0,0,,,0,0,0,0,0,0,0,0,33,33,0,0
2016,MMR,Myanmar,JPN,Japan,3604,3604,3604,1782,1782,650,650,0,0,0,0,0,0,0,0,1822,1822,0,0
2016,MMR,Myanmar,KOR,Republic of Korea,264,264,264,10,10,52,52,0,0,0,0,0,0,0,0,254,254,0,0
2016,MMR,Myanmar,LKA,Sri Lanka,5,5,5,0,0,,,0,0,0,0,0,0,0,0,5,5,0,0
2016,MMR,Myanmar,MEX,Mexico,5,5,5,5,5,,,0,0,0,0,0,0,0,0,0,0,0,0
2016,MMR,Myanmar,MYS,Malaysia,135388,135388,135388,48352,48352,14874,14874,0,0,0,0,0,0,0,0,87036,87036,0,0
2016,MMR,Myanmar,MMR,Myanmar,0,375016,375016,0,0,,,0,0,375016,375016,0,0,0,0,0,0,0,0
2016,MMR,Myanmar,NPL,Nepal,207,207,207,57,57,66,66,0,0,0,0,0,0,0,0,150,150,0,0
2016,MMR,Myanmar,NLD,Netherlands (Kingdom of the),839,839,839,36,36,56,56,0,0,0,0,0,0,0,0,803,803,0,0
2016,MMR,Myanmar,NOR,Norway,154,154,154,5,5,5,5,0,0,0,0,0,0,0,0,149,149,0,0
2016,MMR,Myanmar,NRU,Nauru,10,10,10,5,5,,,0,0,0,0,0,0,0,0,5,5,0,0
2016,MMR,Myanmar,NZL,New Zealand,16,16,16,0,0,,,0,0,0,0,0,0,0,0,16,16,0,0
2016,MMR,Myanmar,PAK,Pakistan,23,23,23,0,0,,,0,0,0,0,0,0,0,0,23,23,0,0
2016,MMR,Myanmar,PHL,Philippines,10,10,10,0,0,,,0,0,0,0,0,0,0,0,10,10,0,0
2016,MMR,Myanmar,ROU,Romania,23,23,23,0,0,,,0,0,0,0,0,0,0,0,23,23,0,0
2016,MMR,Myanmar,ESP,Spain,5,5,5,0,0,,,0,0,0,0,0,0,0,0,5,5,0,0
2016,MMR,Myanmar,SWE,Sweden,30,30,30,11,11,5,5,0,0,0,0,0,0,0,0,19,19,0,0
2016,MMR,Myanmar,CHE,Switzerland,44,44,44,0,0,5,5,0,0,0,0,0,0,0,0,44,44,0,0
2016,MMR,Myanmar,THA,Thailand,103459,103459,103459,826,826,176,176,0,0,0,0,0,0,261,261,102633,102633,0,0
2016,MMR,Myanmar,TUR,T端rkiye,16,16,16,16,16,,,0,0,0,0,0,0,0,0,0,0,0,0
2016,MMR,Myanmar,UKR,Ukraine,10,10,10,10,10,,,0,0,0,0,0,0,0,0,0,0,0,0
2016,MMR,Myanmar,USA,United States of America,2261,2261,2261,510,510,196,196,0,0,0,0,0,0,0,0,1751,1751,0,0
2016,STA,Stateless,MMR,Myanmar,0,925939,925939,0,0,,,0,0,0,0,0,0,0,0,0,0,925939,925939
2017,MMR,Myanmar,EGY,Egypt,5,5,5,0,0,,,0,0,0,0,0,0,0,0,5,5,0,0
2017,MMR,Myanmar,AUS,Australia,759,759,759,243,243,208,208,0,0,0,0,0,0,0,0,516,516,0,0
2017,MMR,Myanmar,AUT,Austria,50,50,50,14,14,8,8,0,0,0,0,0,0,0,0,36,36,0,0
2017,MMR,Myanmar,BEL,Belgium,9,9,9,0,0,5,5,0,0,0,0,0,0,0,0,9,9,0,0
2017,MMR,Myanmar,BGD,Bangladesh,932204,932204,932204,0,0,,,0,0,0,0,0,0,0,0,932204,932204,0,0
2017,MMR,Myanmar,BRA,Brazil,5,5,5,5,5,5,5,0,0,0,0,0,0,0,0,0,0,0,0
2017,MMR,Myanmar,KHM,Cambodia,24,24,24,5,5,,,0,0,0,0,0,0,0,0,19,19,0,0
2017,MMR,Myanmar,CAN,Canada,65,65,65,5,5,5,5,0,0,0,0,0,0,0,0,60,60,0,0
2017,MMR,Myanmar,CZE,Czechia,165,165,165,5,5,5,5,0,0,0,0,0,0,0,0,160,160,0,0
2017,MMR,Myanmar,DNK,Denmark,50,50,50,5,5,6,6,0,0,0,0,0,0,0,0,45,45,0,0
2017,MMR,Myanmar,FIN,Finland,30,30,30,0,0,5,5,0,0,0,0,0,0,0,0,30,30,0,0
2017,MMR,Myanmar,FRA,France,346,346,346,30,30,45,45,0,0,0,0,0,0,0,0,316,316,0,0
2017,MMR,Myanmar,GBR,United Kingdom of Great Britain and Northern Ireland,926,926,926,90,90,54,54,0,0,0,0,0,0,0,0,836,836,0,0
2017,MMR,Myanmar,DEU,Germany,965,965,965,134,134,5,5,0,0,0,0,0,0,0,0,831,831,0,0
2017,MMR,Myanmar,GRC,Greece,91,91,91,61,61,64,64,0,0,0,0,0,0,0,0,30,30,0,0
2017,MMR,Myanmar,HUN,Hungary,5,5,5,0,0,,,0,0,0,0,0,0,0,0,5,5,0,0
2017,MMR,Myanmar,IND,India,21241,21241,21241,3152,3152,3477,3477,0,0,0,0,0,0,0,0,18089,18089,0,0
2017,MMR,Myanmar,IDN,Indonesia,815,815,815,49,49,53,53,0,0,0,0,0,0,0,0,766,766,0,0
2017,MMR,Myanmar,IRL,Ireland,19,19,19,10,10,7,7,0,0,0,0,0,0,0,0,9,9,0,0
2017,MMR,Myanmar,IRN,Iran (Islamic Republic of),84,84,84,84,84,,,0,0,0,0,0,0,0,0,0,0,0,0
2017,MMR,Myanmar,ISR,Israel,38,38,38,38,38,,,0,0,0,0,0,0,0,0,0,0,0,0
2017,MMR,Myanmar,ITA,Italy,69,69,69,35,35,14,14,0,0,0,0,0,0,0,0,34,34,0,0
2017,MMR,Myanmar,JPN,Japan,3710,3710,3710,2241,2241,962,962,0,0,0,0,0,0,0,0,1469,1469,0,0
2017,MMR,Myanmar,KOR,Republic of Korea,304,304,304,12,12,48,48,0,0,0,0,0,0,0,0,292,292,0,0
2017,MMR,Myanmar,LKA,Sri Lanka,35,35,35,0,0,,,0,0,0,0,0,0,0,0,35,35,0,0
2017,MMR,Myanmar,MEX,Mexico,5,5,5,5,5,,,0,0,0,0,0,0,0,0,0,0,0,0
2017,MMR,Myanmar,MYS,Malaysia,131697,131697,131697,33656,33656,16016,16016,0,0,0,0,0,0,0,0,98041,98041,0,0
2017,MMR,Myanmar,MMR,Myanmar,0,353108,353108,0,0,,,0,0,353108,353108,0,0,0,0,0,0,0,0
2017,MMR,Myanmar,NPL,Nepal,314,314,314,124,124,113,113,0,0,0,0,0,0,0,0,190,190,0,0
2017,MMR,Myanmar,NLD,Netherlands (Kingdom of the),739,739,739,7,7,12,12,0,0,0,0,0,0,0,0,732,732,0,0
2017,MMR,Myanmar,NOR,Norway,135,135,135,5,5,5,5,0,0,0,0,0,0,0,0,130,130,0,0
2017,MMR,Myanmar,NRU,Nauru,115,115,115,0,0,,,0,0,0,0,0,0,0,0,115,115,0,0
2017,MMR,Myanmar,NZL,New Zealand,17,17,17,5,5,5,5,0,0,0,0,0,0,0,0,12,12,0,0
2017,MMR,Myanmar,PAK,Pakistan,21,21,21,0,0,,,0,0,0,0,0,0,0,0,21,21,0,0
2017,MMR,Myanmar,PHL,Philippines,10,10,10,0,0,,,0,0,0,0,0,0,0,0,10,10,0,0
2017,MMR,Myanmar,ROU,Romania,29,29,29,0,0,5,5,0,0,0,0,0,0,0,0,29,29,0,0
2017,MMR,Myanmar,ESP,Spain,10,10,10,5,5,5,5,0,0,0,0,0,0,0,0,5,5,0,0
2017,MMR,Myanmar,SWE,Sweden,21,21,21,5,5,,,0,0,0,0,0,0,0,0,16,16,0,0
2017,MMR,Myanmar,CHE,Switzerland,40,40,40,0,0,5,5,0,0,0,0,0,0,0,0,40,40,0,0
2017,MMR,Myanmar,THA,Thailand,100236,100236,100236,254,254,109,109,0,0,0,0,0,0,109,109,99982,99982,0,0
2017,MMR,Myanmar,TUR,T端rkiye,15,15,15,15,15,9,9,0,0,0,0,0,0,0,0,0,0,0,0
2017,MMR,Myanmar,UKR,Ukraine,10,10,10,10,10,,,0,0,0,0,0,0,0,0,0,0,0,0
2017,MMR,Myanmar,USA,United States of America,2402,2402,2402,779,779,295,295,0,0,0,0,0,0,0,0,1623,1623,0,0
2017,STA,Stateless,MMR,Myanmar,0,621514,621514,0,0,,,0,0,0,0,0,0,0,0,0,0,621514,621514
2018,MMR,Myanmar,AUS,Australia,774,774,774,224,224,27,27,0,0,0,0,0,0,0,0,550,550,0,0
2018,MMR,Myanmar,AUT,Austria,44,44,44,12,12,5,5,0,0,0,0,0,0,0,0,32,32,0,0
2018,MMR,Myanmar,BEL,Belgium,9,9,9,0,0,,,0,0,0,0,0,0,0,0,9,9,0,0
2018,MMR,Myanmar,BGD,Bangladesh,906635,906635,906635,0,0,,,0,0,0,0,0,0,0,0,906635,906635,0,0
2018,MMR,Myanmar,BRA,Brazil,8,8,8,8,8,5,5,0,0,0,0,0,0,0,0,0,0,0,0
2018,MMR,Myanmar,BGR,Bulgaria,5,5,5,5,5,5,5,0,0,0,0,0,0,0,0,0,0,0,0
2018,MMR,Myanmar,CAN,Canada,78,78,78,23,23,23,23,0,0,0,0,0,0,0,0,55,55,0,0
2018,MMR,Myanmar,CZE,Czechia,145,145,145,0,0,5,5,0,0,0,0,0,0,0,0,145,145,0,0
2018,MMR,Myanmar,DNK,Denmark,42,42,42,12,12,6,6,0,0,0,0,0,0,0,0,30,30,0,0
2018,MMR,Myanmar,FIN,Finland,35,35,35,5,5,5,5,0,0,0,0,0,0,0,0,30,30,0,0
2018,MMR,Myanmar,FRA,France,349,349,349,28,28,18,18,0,0,0,0,0,0,0,0,321,321,0,0
2018,MMR,Myanmar,GBR,United Kingdom of Great Britain and Northern Ireland,782,782,782,61,61,31,31,0,0,0,0,0,0,0,0,721,721,0,0
2018,MMR,Myanmar,DEU,Germany,1004,1004,1004,150,150,84,84,0,0,0,0,0,0,0,0,854,854,0,0
2018,MMR,Myanmar,GRC,Greece,115,115,115,65,65,36,36,0,0,0,0,0,0,0,0,50,50,0,0
2018,MMR,Myanmar,HUN,Hungary,5,5,5,0,0,,,0,0,0,0,0,0,0,0,5,5,0,0
2018,MMR,Myanmar,IND,India,20877,20877,20877,2064,2064,1937,1937,0,0,0,0,0,0,0,0,18813,18813,0,0
2018,MMR,Myanmar,IDN,Indonesia,826,826,826,113,113,128,128,0,0,0,0,0,0,0,0,713,713,0,0
2018,MMR,Myanmar,IRL,Ireland,16,16,16,8,8,,,0,0,0,0,0,0,0,0,8,8,0,0
2018,MMR,Myanmar,IRN,Iran (Islamic Republic of),33,33,33,33,33,,,0,0,0,0,0,0,0,0,0,0,0,0
2018,MMR,Myanmar,ISR,Israel,23,23,23,23,23,,,0,0,0,0,0,0,0,0,0,0,0,0
2018,MMR,Myanmar,ITA,Italy,57,57,57,14,14,10,10,0,0,0,0,0,0,0,0,43,43,0,0
2018,MMR,Myanmar,JPN,Japan,1125,1125,1125,0,0,656,656,0,0,0,0,0,0,0,0,1125,1125,0,0
2018,MMR,Myanmar,KOR,Republic of Korea,355,355,355,27,27,27,27,0,0,0,0,0,0,0,0,328,328,0,0
2018,MMR,Myanmar,LKA,Sri Lanka,33,33,33,0,0,,,0,0,0,0,0,0,0,0,33,33,0,0
2018,MMR,Myanmar,MYS,Malaysia,140675,140675,140675,26448,26448,19457,19457,0,0,0,0,0,0,0,0,114227,114227,0,0
2018,MMR,Myanmar,MMR,Myanmar,0,370306,370306,0,0,,,0,0,370306,370306,0,0,0,0,0,0,0,0
2018,MMR,Myanmar,NPL,Nepal,366,366,366,34,34,59,59,0,0,0,0,0,0,0,0,332,332,0,0
2018,MMR,Myanmar,NLD,Netherlands (Kingdom of the),589,589,589,22,22,14,14,0,0,0,0,0,0,0,0,567,567,0,0
2018,MMR,Myanmar,NOR,Norway,138,138,138,10,10,5,5,0,0,0,0,0,0,0,0,128,128,0,0
2018,MMR,Myanmar,NRU,Nauru,128,128,128,13,13,,,0,0,0,0,0,0,0,0,115,115,0,0
2018,MMR,Myanmar,NZL,New Zealand,12,12,12,5,5,10,10,0,0,0,0,0,0,0,0,7,7,0,0
2018,MMR,Myanmar,PAK,Pakistan,53,53,53,31,31,31,31,0,0,0,0,0,0,0,0,22,22,0,0
2018,MMR,Myanmar,PHL,Philippines,10,10,10,0,0,,,0,0,0,0,0,0,0,0,10,10,0,0
2018,MMR,Myanmar,PNG,Papua New Guinea,5,5,5,5,5,,,0,0,0,0,0,0,0,0,0,0,0,0
2018,MMR,Myanmar,ROU,Romania,34,34,34,5,5,5,5,0,0,0,0,0,0,0,0,29,29,0,0
2018,MMR,Myanmar,ESP,Spain,10,10,10,5,5,,,0,0,0,0,0,0,0,0,5,5,0,0
2018,MMR,Myanmar,SWE,Sweden,26,26,26,11,11,11,11,0,0,0,0,0,0,0,0,15,15,0,0
2018,MMR,Myanmar,CHE,Switzerland,36,36,36,0,0,5,5,0,0,0,0,0,0,0,0,36,36,0,0
2018,MMR,Myanmar,THA,Thailand,97603,97603,97603,0,0,10,10,0,0,0,0,0,0,98,98,97603,97603,0,0
2018,MMR,Myanmar,TUR,T端rkiye,26,26,26,26,26,13,13,0,0,0,0,0,0,0,0,0,0,0,0
2018,MMR,Myanmar,UKR,Ukraine,13,13,13,13,13,6,6,0,0,0,0,0,0,0,0,0,0,0,0
2018,MMR,Myanmar,USA,United States of America,2509,2509,2509,956,956,307,307,0,0,0,0,0,0,0,0,1553,1553,0,0
2018,STA,Stateless,MMR,Myanmar,0,620939,620939,0,0,,,0,0,0,0,0,0,0,0,0,0,620939,620939
2019,MMR,Myanmar,AUS,Australia,729,729,729,223,223,74,74,0,0,0,0,0,0,0,0,506,506,0,0
2019,MMR,Myanmar,AUT,Austria,41,41,41,7,7,5,5,0,0,0,0,0,0,0,0,34,34,0,0
2019,MMR,Myanmar,BEL,Belgium,8,8,8,0,0,,,0,0,0,0,0,0,0,0,8,8,0,0
2019,MMR,Myanmar,BGD,Bangladesh,854764,854764,854764,0,0,,,0,0,0,0,0,0,0,0,854764,854764,0,0
2019,MMR,Myanmar,BRA,Brazil,6,6,6,6,6,,,0,0,0,0,0,0,0,0,0,0,0,0
2019,MMR,Myanmar,CAN,Canada,14,14,14,14,14,10,10,0,0,0,0,0,0,0,0,0,0,0,0
2019,MMR,Myanmar,CZE,Czechia,145,145,145,0,0,,,0,0,0,0,0,0,0,0,145,145,0,0
2019,MMR,Myanmar,DNK,Denmark,39,39,39,11,11,5,5,0,0,0,0,0,0,0,0,28,28,0,0
2019,MMR,Myanmar,FIN,Finland,37,37,37,5,5,13,13,0,0,0,0,0,0,0,0,32,32,0,0
2019,MMR,Myanmar,FRA,France,335,335,335,6,6,5,5,0,0,0,0,0,0,0,0,329,329,0,0
2019,MMR,Myanmar,GBR,United Kingdom of Great Britain and Northern Ireland,667,667,667,54,54,19,19,0,0,0,0,0,0,0,0,613,613,0,0
2019,MMR,Myanmar,DEU,Germany,1145,1145,1145,294,294,193,193,0,0,0,0,0,0,0,0,851,851,0,0
2019,MMR,Myanmar,GRC,Greece,98,98,98,24,24,14,14,0,0,0,0,0,0,0,0,74,74,0,0
2019,MMR,Myanmar,HUN,Hungary,5,5,5,0,0,,,0,0,0,0,0,0,0,0,5,5,0,0
2019,MMR,Myanmar,IND,India,3250,3250,3250,676,676,506,506,0,0,0,0,0,0,0,0,2574,2574,0,0
2019,MMR,Myanmar,IDN,Indonesia,628,628,628,33,33,24,24,0,0,0,0,0,0,0,0,595,595,0,0
2019,MMR,Myanmar,IRL,Ireland,18,18,18,5,5,,,0,0,0,0,0,0,0,0,13,13,0,0
2019,MMR,Myanmar,IRN,Iran (Islamic Republic of),33,33,33,33,33,,,0,0,0,0,0,0,0,0,0,0,0,0
2019,MMR,Myanmar,ISR,Israel,23,23,23,23,23,7,7,0,0,0,0,0,0,0,0,0,0,0,0
2019,MMR,Myanmar,ITA,Italy,54,54,54,5,5,,,0,0,0,0,0,0,0,0,49,49,0,0
2019,MMR,Myanmar,JPN,Japan,668,668,668,0,0,788,788,0,0,0,0,0,0,0,0,668,668,0,0
2019,MMR,Myanmar,KOR,Republic of Korea,435,435,435,72,72,59,59,0,0,0,0,0,0,0,0,363,363,0,0
2019,MMR,Myanmar,LKA,Sri Lanka,34,34,34,0,0,,,0,0,0,0,0,0,0,0,34,34,0,0
2019,MMR,Myanmar,MYS,Malaysia,153777,153777,153777,34546,34546,22340,22340,0,0,0,0,0,0,0,0,119231,119231,0,0
2019,MMR,Myanmar,MMR,Myanmar,0,312018,312018,0,0,,,0,0,312018,312018,0,0,0,0,0,0,0,0
2019,MMR,Myanmar,NPL,Nepal,362,362,362,11,11,17,17,0,0,0,0,0,0,0,0,351,351,0,0
2019,MMR,Myanmar,NLD,Netherlands (Kingdom of the),535,535,535,40,40,17,17,0,0,0,0,0,0,0,0,495,495,0,0
2019,MMR,Myanmar,NOR,Norway,109,109,109,0,0,5,5,0,0,0,0,0,0,0,0,109,109,0,0
2019,MMR,Myanmar,NRU,Nauru,79,79,79,13,13,,,0,0,0,0,0,0,0,0,66,66,0,0
2019,MMR,Myanmar,NZL,New Zealand,12,12,12,0,0,,,0,0,0,0,0,0,0,0,12,12,0,0
2019,MMR,Myanmar,PAK,Pakistan,54,54,54,31,31,,,0,0,0,0,0,0,0,0,23,23,0,0
2019,MMR,Myanmar,PHL,Philippines,7,7,7,0,0,,,0,0,0,0,0,0,0,0,7,7,0,0
2019,MMR,Myanmar,PNG,Papua New Guinea,5,5,5,0,0,,,0,0,0,0,0,0,0,0,5,5,0,0
2019,MMR,Myanmar,ROU,Romania,26,26,26,0,0,,,0,0,0,0,0,0,0,0,26,26,0,0
2019,MMR,Myanmar,ESP,Spain,8,8,8,0,0,,,0,0,0,0,0,0,0,0,8,8,0,0
2019,MMR,Myanmar,SWE,Sweden,22,22,22,12,12,5,5,0,0,0,0,0,0,0,0,10,10,0,0
2019,MMR,Myanmar,CHE,Switzerland,34,34,34,0,0,,,0,0,0,0,0,0,0,0,34,34,0,0
2019,MMR,Myanmar,THA,Thailand,93348,93348,93348,13,13,24,24,0,0,0,0,0,0,119,119,93335,93335,0,0
2019,MMR,Myanmar,UKR,Ukraine,6,6,6,6,6,,,0,0,0,0,0,0,0,0,0,0,0,0
2019,MMR,Myanmar,USA,United States of America,2723,2723,2723,1294,1294,484,484,0,0,0,0,0,0,0,0,1429,1429,0,0
2019,STA,Stateless,MMR,Myanmar,0,600000,600000,0,0,,,0,0,0,0,0,0,0,0,0,0,600000,600000
2020,MMR,Myanmar,AUS,Australia,787,787,787,310,310,156,156,0,0,0,0,0,0,0,0,477,477,0,0
2020,MMR,Myanmar,AUT,Austria,40,40,40,5,5,,,0,0,0,0,0,0,0,0,35,35,0,0
2020,MMR,Myanmar,BEL,Belgium,8,8,8,0,0,,,0,0,0,0,0,0,0,0,8,8,0,0
2020,MMR,Myanmar,BGD,Bangladesh,866518,866518,866518,0,0,5,5,0,0,0,0,0,0,0,0,866518,866518,0,0
2020,MMR,Myanmar,BRA,Brazil,6,6,6,6,6,,,0,0,0,0,0,0,0,0,0,0,0,0
2020,MMR,Myanmar,BIH,Bosnia and Herzegovina,0,0,0,0,0,,,0,0,0,0,0,0,5,5,0,0,0,0
2020,MMR,Myanmar,CZE,Czechia,145,145,145,0,0,,,0,0,0,0,0,0,0,0,145,145,0,0
2020,MMR,Myanmar,DNK,Denmark,21,21,21,0,0,,,0,0,0,0,0,0,0,0,21,21,0,0
2020,MMR,Myanmar,FIN,Finland,39,39,39,6,6,,,0,0,0,0,0,0,0,0,33,33,0,0
2020,MMR,Myanmar,FRA,France,329,329,329,5,5,5,5,0,0,0,0,0,0,0,0,324,324,0,0
2020,MMR,Myanmar,GBR,United Kingdom of Great Britain and Northern Ireland,575,575,575,64,64,17,17,0,0,0,0,0,0,0,0,511,511,0,0
2020,MMR,Myanmar,DEU,Germany,1312,1312,1312,443,443,267,267,0,0,0,0,0,0,0,0,869,869,0,0
2020,MMR,Myanmar,GRC,Greece,117,117,117,16,16,20,20,0,0,0,0,0,0,0,0,101,101,0,0
2020,MMR,Myanmar,HUN,Hungary,5,5,5,0,0,,,0,0,0,0,0,0,0,0,5,5,0,0
2020,MMR,Myanmar,IND,India,21372,21372,21372,1974,1974,783,783,0,0,0,0,0,0,0,0,19398,19398,0,0
2020,MMR,Myanmar,IDN,Indonesia,909,909,909,418,418,405,405,0,0,0,0,0,0,0,0,491,491,0,0
2020,MMR,Myanmar,IRL,Ireland,18,18,18,5,5,5,5,0,0,0,0,0,0,0,0,13,13,0,0
2020,MMR,Myanmar,IRN,Iran (Islamic Republic of),34,34,34,34,34,,,0,0,0,0,0,0,0,0,0,0,0,0
2020,MMR,Myanmar,ISR,Israel,26,26,26,26,26,,,0,0,0,0,0,0,0,0,0,0,0,0
2020,MMR,Myanmar,ITA,Italy,6,6,6,6,6,,,0,0,0,0,0,0,0,0,0,0,0,0
2020,MMR,Myanmar,JPN,Japan,285,285,285,0,0,,,0,0,0,0,0,0,0,0,285,285,0,0
2020,MMR,Myanmar,KOR,Republic of Korea,441,441,441,51,51,37,37,0,0,0,0,0,0,0,0,390,390,0,0
2020,MMR,Myanmar,LKA,Sri Lanka,34,34,34,0,0,,,0,0,0,0,0,0,0,0,34,34,0,0
2020,MMR,Myanmar,MYS,Malaysia,154037,154037,154037,34459,34459,5264,5264,0,0,0,0,0,0,0,0,119578,119578,0,0
2020,MMR,Myanmar,MMR,Myanmar,0,370320,370320,0,0,,,0,0,370320,370320,0,0,0,0,0,0,0,0
2020,MMR,Myanmar,NPL,Nepal,384,384,384,25,25,17,17,0,0,0,0,0,0,0,0,359,359,0,0
2020,MMR,Myanmar,NLD,Netherlands (Kingdom of the),359,359,359,26,26,10,10,0,0,0,0,0,0,0,0,333,333,0,0
2020,MMR,Myanmar,NOR,Norway,54,54,54,5,5,5,5,0,0,0,0,0,0,0,0,49,49,0,0
2020,MMR,Myanmar,NRU,Nauru,74,74,74,0,0,,,0,0,0,0,0,0,0,0,74,74,0,0
2020,MMR,Myanmar,NZL,New Zealand,12,12,12,0,0,,,0,0,0,0,0,0,0,0,12,12,0,0
2020,MMR,Myanmar,PAK,Pakistan,54,54,54,31,31,,,0,0,0,0,0,0,0,0,23,23,0,0
2020,MMR,Myanmar,PHL,Philippines,5,5,5,0,0,,,0,0,0,0,0,0,0,0,5,5,0,0
2020,MMR,Myanmar,PNG,Papua New Guinea,5,5,5,0,0,,,0,0,0,0,0,0,0,0,5,5,0,0
2020,MMR,Myanmar,ROU,Romania,24,24,24,0,0,,,0,0,0,0,0,0,0,0,24,24,0,0
2020,MMR,Myanmar,SAU,Saudi Arabia,87,87,87,87,87,,,0,0,0,0,0,0,0,0,0,0,0,0
2020,MMR,Myanmar,ESP,Spain,9,9,9,0,0,,,0,0,0,0,0,0,0,0,9,9,0,0
2020,MMR,Myanmar,SWE,Sweden,18,18,18,9,9,6,6,0,0,0,0,0,0,0,0,9,9,0,0
2020,MMR,Myanmar,CHE,Switzerland,30,30,30,0,0,9,9,0,0,0,0,0,0,0,0,30,30,0,0
2020,MMR,Myanmar,THA,Thailand,91805,91805,91805,0,0,,,0,0,0,0,0,0,146,146,91805,91805,0,0
2020,MMR,Myanmar,UKR,Ukraine,6,6,6,6,6,,,0,0,0,0,0,0,0,0,0,0,0,0
2020,MMR,Myanmar,USA,United States of America,3462,3462,3462,2190,2190,860,860,0,0,0,0,0,0,0,0,1272,1272,0,0
2020,STA,Stateless,MMR,Myanmar,0,600000,600000,0,0,,,0,0,0,0,0,0,0,0,0,0,600000,600000
2021,MMR,Myanmar,ARM,Armenia,5,5,5,5,5,5,5,0,0,0,0,0,0,0,0,0,0,0,0
2021,MMR,Myanmar,AUS,Australia,1184,1184,1184,777,777,499,499,0,0,0,0,0,0,0,0,407,407,0,0
2021,MMR,Myanmar,AUT,Austria,41,41,41,9,9,8,8,0,0,0,0,0,0,0,0,32,32,0,0
2021,MMR,Myanmar,BEL,Belgium,13,13,13,5,5,,,0,0,0,0,0,0,0,0,8,8,0,0
2021,MMR,Myanmar,BGD,Bangladesh,918898,918898,918898,0,0,,,0,0,0,0,0,0,0,0,918898,918898,0,0
2021,MMR,Myanmar,BRA,Brazil,6,6,6,6,6,,,0,0,0,0,0,0,0,0,0,0,0,0
2021,MMR,Myanmar,KHM,Cambodia,15,15,15,7,7,,,0,0,0,0,0,0,0,0,8,8,0,0
2021,MMR,Myanmar,CAN,Canada,31,31,31,22,22,15,15,0,0,0,0,0,0,0,0,9,9,0,0
2021,MMR,Myanmar,CZE,Czechia,149,149,149,0,0,5,5,0,0,0,0,0,0,0,0,149,149,0,0
2021,MMR,Myanmar,DNK,Denmark,18,18,18,5,5,5,5,0,0,0,0,0,0,0,0,13,13,0,0
2021,MMR,Myanmar,FIN,Finland,37,37,37,5,5,,,0,0,0,0,0,0,0,0,32,32,0,0
2021,MMR,Myanmar,FRA,France,367,367,367,12,12,7,7,0,0,0,0,0,0,0,0,355,355,0,0
2021,MMR,Myanmar,GBR,United Kingdom of Great Britain and Northern Ireland,454,454,454,87,87,44,44,0,0,0,0,0,0,0,0,367,367,0,0
2021,MMR,Myanmar,DEU,Germany,1362,1362,1362,472,472,31,31,0,0,0,0,0,0,0,0,890,890,0,0
2021,MMR,Myanmar,GRC,Greece,107,107,107,7,7,5,5,0,0,0,0,0,0,0,0,100,100,0,0
2021,MMR,Myanmar,IND,India,39617,39617,39617,3785,3785,3150,3150,0,0,0,0,0,0,0,0,35832,35832,0,0
2021,MMR,Myanmar,IDN,Indonesia,682,682,682,202,202,,,0,0,0,0,0,0,0,0,480,480,0,0
2021,MMR,Myanmar,IRL,Ireland,18,18,18,5,5,,,0,0,0,0,0,0,0,0,13,13,0,0
2021,MMR,Myanmar,IRN,Iran (Islamic Republic of),34,34,34,34,34,,,0,0,0,0,0,0,0,0,0,0,0,0
2021,MMR,Myanmar,ISR,Israel,104,104,104,104,104,76,76,0,0,0,0,0,0,0,0,0,0,0,0
2021,MMR,Myanmar,ITA,Italy,14,14,14,9,9,10,10,0,0,0,0,0,0,0,0,5,5,0,0
2021,MMR,Myanmar,JPN,Japan,583,583,583,0,0,,,0,0,0,0,0,0,0,0,583,583,0,0
2021,MMR,Myanmar,KOR,Republic of Korea,503,503,503,107,107,73,73,0,0,0,0,0,0,0,0,396,396,0,0
2021,MMR,Myanmar,LKA,Sri Lanka,35,35,35,0,0,,,0,0,0,0,0,0,0,0,35,35,0,0
2021,MMR,Myanmar,MYS,Malaysia,155405,155405,155405,34807,34807,16787,16787,0,0,0,0,0,0,0,0,120598,120598,0,0
2021,MMR,Myanmar,MMR,Myanmar,0,671011,671011,0,0,,,0,0,671011,671011,0,0,0,0,0,0,0,0
2021,MMR,Myanmar,NPL,Nepal,478,478,478,101,101,,,0,0,0,0,0,0,0,0,377,377,0,0
2021,MMR,Myanmar,NLD,Netherlands (Kingdom of the),223,223,223,20,20,8,8,0,0,0,0,0,0,0,0,203,203,0,0
2021,MMR,Myanmar,NOR,Norway,27,27,27,5,5,5,5,0,0,0,0,0,0,0,0,22,22,0,0
2021,MMR,Myanmar,NRU,Nauru,71,71,71,0,0,,,0,0,0,0,0,0,0,0,71,71,0,0
2021,MMR,Myanmar,NZL,New Zealand,29,29,29,17,17,17,17,0,0,0,0,0,0,0,0,12,12,0,0
2021,MMR,Myanmar,PAK,Pakistan,54,54,54,31,31,,,0,0,0,0,0,0,0,0,23,23,0,0
2021,MMR,Myanmar,PHL,Philippines,10,10,10,0,0,,,0,0,0,0,0,0,0,0,10,10,0,0
2021,MMR,Myanmar,PNG,Papua New Guinea,5,5,5,0,0,,,0,0,0,0,0,0,0,0,5,5,0,0
2021,MMR,Myanmar,ROU,Romania,30,30,30,0,0,5,5,0,0,0,0,0,0,0,0,30,30,0,0
2021,MMR,Myanmar,SAU,Saudi Arabia,115,115,115,115,115,,,0,0,0,0,0,0,0,0,0,0,0,0
2021,MMR,Myanmar,ESP,Spain,13,13,13,5,5,5,5,0,0,0,0,0,0,0,0,8,8,0,0
2021,MMR,Myanmar,SWE,Sweden,11,11,11,5,5,7,7,0,0,0,0,0,0,0,0,6,6,0,0
2021,MMR,Myanmar,CHE,Switzerland,46,46,46,5,5,17,17,0,0,0,0,0,0,0,0,41,41,0,0
2021,MMR,Myanmar,THA,Thailand,96086,96086,96086,0,0,5,5,0,0,0,0,0,0,198,198,96086,96086,0,0
2021,MMR,Myanmar,UKR,Ukraine,6,6,6,6,6,,,0,0,0,0,0,0,0,0,0,0,0,0
2021,MMR,Myanmar,USA,United States of America,4319,4319,4319,3096,3096,624,624,0,0,0,0,0,0,0,0,1223,1223,0,0
2021,STA,Stateless,MMR,Myanmar,0,600000,600000,0,0,,,0,0,0,0,0,0,0,0,0,0,600000,600000
2022,MMR,Myanmar,ARM,Armenia,5,5,5,0,0,,,0,0,0,0,0,0,0,0,5,5,0,0
2022,MMR,Myanmar,AUS,Australia,1724,1724,1724,1098,1098,549,549,0,0,0,0,0,0,0,0,626,626,0,0
2022,MMR,Myanmar,AUT,Austria,49,49,49,12,12,13,13,0,0,0,0,0,0,0,0,37,37,0,0
2022,MMR,Myanmar,BEL,Belgium,7,7,7,0,0,5,5,0,0,0,0,0,0,0,0,7,7,0,0
2022,MMR,Myanmar,BGD,Bangladesh,952370,952370,952370,5,5,5,5,0,0,0,0,0,0,0,0,952365,952365,0,0
2022,MMR,Myanmar,BRA,Brazil,10,10,10,5,5,,,0,0,0,0,0,0,0,0,5,5,0,0
2022,MMR,Myanmar,KHM,Cambodia,15,15,15,7,7,,,0,0,0,0,0,0,0,0,8,8,0,0
2022,MMR,Myanmar,CAN,Canada,95,95,95,38,38,50,50,0,0,0,0,0,0,0,0,57,57,0,0
2022,MMR,Myanmar,CZE,Czechia,166,166,166,0,0,19,19,0,0,0,0,0,0,0,0,166,166,0,0
2022,MMR,Myanmar,DNK,Denmark,26,26,26,13,13,8,8,0,0,0,0,0,0,0,0,13,13,0,0
2022,MMR,Myanmar,FIN,Finland,40,40,40,9,9,7,7,0,0,0,0,0,0,0,0,31,31,0,0
2022,MMR,Myanmar,FRA,France,412,412,412,34,34,5,5,0,0,0,0,0,0,0,0,378,378,0,0
2022,MMR,Myanmar,GBR,United Kingdom of Great Britain and Northern Ireland,529,529,529,210,210,134,134,0,0,0,0,0,0,0,0,319,319,0,0
2022,MMR,Myanmar,GEO,Georgia,14,14,14,14,14,14,14,0,0,0,0,0,0,0,0,0,0,0,0
2022,MMR,Myanmar,DEU,Germany,1155,1155,1155,395,395,13,13,0,0,0,0,0,0,0,0,760,760,0,0
2022,MMR,Myanmar,GRC,Greece,113,113,113,5,5,7,7,0,0,0,0,0,0,0,0,108,108,0,0
2022,MMR,Myanmar,IND,India,74607,74607,74607,7125,7125,5720,5720,0,0,0,0,0,0,0,0,67482,67482,0,0
2022,MMR,Myanmar,IDN,Indonesia,910,910,910,457,457,,,0,0,0,0,0,0,0,0,453,453,0,0
2022,MMR,Myanmar,IRL,Ireland,23,23,23,9,9,9,9,0,0,0,0,0,0,0,0,14,14,0,0
2022,MMR,Myanmar,IRN,Iran (Islamic Republic of),34,34,34,34,34,,,0,0,0,0,0,0,0,0,0,0,0,0
2022,MMR,Myanmar,ISR,Israel,217,217,217,217,217,114,114,0,0,0,0,0,0,0,0,0,0,0,0
2022,MMR,Myanmar,ITA,Italy,25,25,25,11,11,11,11,0,0,0,0,0,0,0,0,14,14,0,0
2022,MMR,Myanmar,JPN,Japan,11764,11764,11764,0,0,298,298,0,0,0,0,0,0,0,0,11764,11764,0,0
2022,MMR,Myanmar,KOR,Republic of Korea,862,862,862,385,385,390,390,0,0,0,0,0,0,0,0,477,477,0,0
2022,MMR,Myanmar,LKA,Sri Lanka,36,36,36,0,0,,,0,0,0,0,0,0,0,0,36,36,0,0
2022,MMR,Myanmar,LUX,Luxembourg,5,5,5,5,5,5,5,0,0,0,0,0,0,0,0,0,0,0,0
2022,MMR,Myanmar,MYS,Malaysia,158165,158165,158165,34602,34602,4908,4908,0,0,0,0,0,0,0,0,123563,123563,0,0
2022,MMR,Myanmar,MMR,Myanmar,0,1504848,1504848,0,0,,,0,0,1504848,1504848,0,0,0,0,0,0,0,0
2022,MMR,Myanmar,NPL,Nepal,465,465,465,91,91,,,0,0,0,0,0,0,0,0,374,374,0,0
2022,MMR,Myanmar,NLD,Netherlands (Kingdom of the),485,485,485,55,55,14,14,0,0,0,0,0,0,0,0,430,430,0,0
2022,MMR,Myanmar,NOR,Norway,31,31,31,8,8,12,12,0,0,0,0,0,0,0,0,23,23,0,0
2022,MMR,Myanmar,NRU,Nauru,5,5,5,0,0,,,0,0,0,0,0,0,0,0,5,5,0,0
2022,MMR,Myanmar,NZL,New Zealand,36,36,36,17,17,12,12,0,0,0,0,0,0,0,0,19,19,0,0
2022,MMR,Myanmar,PAK,Pakistan,55,55,55,31,31,,,0,0,0,0,0,0,0,0,24,24,0,0
2022,MMR,Myanmar,PHL,Philippines,15,15,15,5,5,5,5,0,0,0,0,0,0,0,0,10,10,0,0
2022,MMR,Myanmar,PRT,Portugal,5,5,5,5,5,5,5,0,0,0,0,0,0,0,0,0,0,0,0
2022,MMR,Myanmar,ROU,Romania,31,31,31,0,0,,,0,0,0,0,0,0,0,0,31,31,0,0
2022,MMR,Myanmar,ESP,Spain,15,15,15,0,0,,,0,0,0,0,0,0,0,0,15,15,0,0
2022,MMR,Myanmar,SWE,Sweden,18,18,18,9,9,11,11,0,0,0,0,0,0,0,0,9,9,0,0
2022,MMR,Myanmar,CHE,Switzerland,66,66,66,17,17,5,5,0,0,0,0,0,0,0,0,49,49,0,0
2022,MMR,Myanmar,THA,Thailand,90619,90619,90619,0,0,32,32,0,0,0,0,0,0,321,321,90619,90619,0,0
2022,MMR,Myanmar,USA,United States of America,5095,5095,5095,3773,3773,904,904,0,0,0,0,0,0,0,0,1322,1322,0,0
2022,STA,Stateless,MMR,Myanmar,0,630000,630000,0,0,,,0,0,0,0,0,0,0,0,0,0,630000,630000
2023,MMR,Myanmar,ARM,Armenia,9,9,9,0,0,5,5,0,0,0,0,0,0,0,0,9,9,0,0
2023,MMR,Myanmar,AUS,Australia,1923,1923,1923,613,613,703,703,0,0,0,0,0,0,0,0,1310,1310,0,0
2023,MMR,Myanmar,AUT,Austria,36,36,36,11,11,9,9,0,0,0,0,0,0,0,0,25,25,0,0
2023,MMR,Myanmar,BEL,Belgium,9,9,9,0,0,5,5,0,0,0,0,0,0,0,0,9,9,0,0
2023,MMR,Myanmar,BGD,Bangladesh,971964,971964,971964,0,0,,,0,0,0,0,0,0,0,0,971964,971964,0,0
2023,MMR,Myanmar,BRA,Brazil,5,5,5,0,0,,,0,0,0,0,0,0,0,0,5,5,0,0
2023,MMR,Myanmar,KHM,Cambodia,13,13,13,5,5,,,0,0,0,0,0,0,0,0,8,8,0,0
2023,MMR,Myanmar,CAN,Canada,159,159,159,61,61,85,85,0,0,0,0,0,0,0,0,98,98,0,0
2023,MMR,Myanmar,CZE,Czechia,198,198,198,0,0,26,26,0,0,0,0,0,0,0,0,198,198,0,0
2023,MMR,Myanmar,DNK,Denmark,41,41,41,29,29,15,15,0,0,0,0,0,0,0,0,12,12,0,0
2023,MMR,Myanmar,FIN,Finland,54,54,54,17,17,14,14,0,0,0,0,0,0,0,0,37,37,0,0
2023,MMR,Myanmar,FRA,France,441,441,441,36,36,7,7,0,0,0,0,0,0,0,0,405,405,0,0
2023,MMR,Myanmar,GBR,United Kingdom of Great Britain and Northern Ireland,666,666,666,266,266,138,138,0,0,0,0,0,0,0,0,400,400,0,0
2023,MMR,Myanmar,DEU,Germany,1545,1545,1545,465,465,16,16,0,0,0,0,0,0,0,0,1080,1080,0,0
2023,MMR,Myanmar,GRC,Greece,134,134,134,8,8,10,10,0,0,0,0,0,0,0,0,126,126,0,0
2023,MMR,Myanmar,HUN,Hungary,5,5,5,0,0,,,0,0,0,0,0,0,0,0,5,5,0,0
2023,MMR,Myanmar,IND,India,83756,83756,83756,7243,7243,2302,2302,0,0,0,0,0,0,0,0,76513,76513,0,0
2023,MMR,Myanmar,IDN,Indonesia,2063,2063,2063,1701,1701,5,5,0,0,0,0,0,0,0,0,362,362,0,0
2023,MMR,Myanmar,IRL,Ireland,27,27,27,9,9,6,6,0,0,0,0,0,0,0,0,18,18,0,0
2023,MMR,Myanmar,ISR,Israel,238,238,238,238,238,28,28,0,0,0,0,0,0,0,0,0,0,0,0
2023,MMR,Myanmar,ITA,Italy,77,77,77,20,20,15,15,0,0,0,0,0,0,0,0,57,57,0,0
2023,MMR,Myanmar,JPN,Japan,18263,18263,18263,0,0,324,324,0,0,0,0,0,0,0,0,18263,18263,0,0
2023,MMR,Myanmar,KOR,Republic of Korea,984,984,984,479,479,192,192,0,0,0,0,0,0,0,0,505,505,0,0
2023,MMR,Myanmar,LKA,Sri Lanka,111,111,111,0,0,,,0,0,0,0,0,0,0,0,111,111,0,0
2023,MMR,Myanmar,LUX,Luxembourg,5,5,5,0,0,,,0,0,0,0,0,0,0,0,5,5,0,0
2023,MMR,Myanmar,MYS,Malaysia,162443,162443,162443,36745,36745,7183,7183,0,0,0,0,0,0,0,0,125698,125698,0,0
2023,MMR,Myanmar,MMR,Myanmar,0,2607645,2607645,0,0,,,0,0,2607645,2607645,0,0,0,0,0,0,0,0
2023,MMR,Myanmar,NPL,Nepal,502,502,502,91,91,,,0,0,0,0,0,0,0,0,411,411,0,0
2023,MMR,Myanmar,NLD,Netherlands (Kingdom of the),473,473,473,63,63,50,50,0,0,0,0,0,0,0,0,410,410,0,0
2023,MMR,Myanmar,NOR,Norway,36,36,36,15,15,9,9,0,0,0,0,0,0,0,0,21,21,0,0
2023,MMR,Myanmar,NZL,New Zealand,53,53,53,24,24,18,18,0,0,0,0,0,0,0,0,29,29,0,0
2023,MMR,Myanmar,PAK,Pakistan,59,59,59,32,32,,,0,0,0,0,0,0,0,0,27,27,0,0
2023,MMR,Myanmar,PHL,Philippines,30,30,30,21,21,16,16,0,0,0,0,0,0,0,0,9,9,0,0
2023,MMR,Myanmar,PRT,Portugal,5,5,5,5,5,,,0,0,0,0,0,0,0,0,0,0,0,0
2023,MMR,Myanmar,ROU,Romania,24,24,24,0,0,,,0,0,0,0,0,0,0,0,24,24,0,0
2023,MMR,Myanmar,ESP,Spain,13,13,13,0,0,,,0,0,0,0,0,0,0,0,13,13,0,0
2023,MMR,Myanmar,SWE,Sweden,22,22,22,0,0,10,10,0,0,0,0,0,0,0,0,22,22,0,0
2023,MMR,Myanmar,CHE,Switzerland,85,85,85,20,20,32,32,0,0,0,0,0,0,0,0,65,65,0,0
2023,MMR,Myanmar,THA,Thailand,83821,83821,83821,0,0,47,47,0,0,0,0,0,0,584,584,83821,83821,0,0
2023,MMR,Myanmar,USA,United States of America,7770,7770,7770,6419,6419,2734,2734,0,0,0,0,0,0,0,0,1351,1351,0,0
2023,STA,Stateless,MMR,Myanmar,0,632789,632789,0,0,,,0,0,0,0,0,0,0,0,0,0,632789,632789
2024,MMR,Myanmar,EGY,Egypt,5,5,5,5,5,5,5,0,0,0,0,0,0,0,0,0,0,0,0
2024,MMR,Myanmar,ARM,Armenia,9,9,9,0,0,,,0,0,0,0,0,0,0,0,9,9,0,0
2024,MMR,Myanmar,AUS,Australia,2408,2408,2408,648,648,,,0,0,0,0,0,0,0,0,1760,1760,0,0
2024,MMR,Myanmar,AUT,Austria,38,38,38,12,12,9,9,0,0,0,0,0,0,0,0,26,26,0,0
2024,MMR,Myanmar,BEL,Belgium,19,19,19,8,8,8,8,0,0,0,0,0,0,0,0,11,11,0,0
2024,MMR,Myanmar,BGD,Bangladesh,1005596,1005596,1005596,35,35,36,36,0,0,0,0,0,0,0,0,1005561,1005561,0,0
2024,MMR,Myanmar,BRA,Brazil,5,5,5,0,0,,,0,0,0,0,0,0,0,0,5,5,0,0
2024,MMR,Myanmar,KHM,Cambodia,13,13,13,5,5,,,0,0,0,0,0,0,0,0,8,8,0,0
2024,MMR,Myanmar,CAN,Canada,417,417,417,294,294,170,170,0,0,0,0,0,0,0,0,123,123,0,0
2024,MMR,Myanmar,CZE,Czechia,228,228,228,9,9,29,29,0,0,0,0,0,0,0,0,219,219,0,0
2024,MMR,Myanmar,DNK,Denmark,1210,1210,1210,32,32,12,12,0,0,0,0,0,0,0,0,1178,1178,0,0
2024,MMR,Myanmar,FIN,Finland,65,65,65,20,20,16,16,0,0,0,0,0,0,0,0,45,45,0,0
2024,MMR,Myanmar,FRA,France,522,522,522,48,48,7,7,0,0,0,0,0,0,0,0,474,474,0,0
2024,MMR,Myanmar,GBR,United Kingdom of Great Britain and Northern Ireland,1042,1042,1042,537,537,458,458,0,0,0,0,0,0,0,0,505,505,0,0
2024,MMR,Myanmar,DEU,Germany,1676,1676,1676,371,371,10,10,0,0,0,0,0,0,0,0,1305,1305,0,0
2024,MMR,Myanmar,GRC,Greece,31,31,31,5,5,,,0,0,0,0,0,0,0,0,26,26,0,0
2024,MMR,Myanmar,HUN,Hungary,5,5,5,0,0,,,0,0,0,0,0,0,0,0,5,5,0,0
2024,MMR,Myanmar,IND,India,81682,81682,81682,8856,8856,1992,1992,0,0,0,0,0,0,0,0,72826,72826,0,0
2024,MMR,Myanmar,IDN,Indonesia,2679,2679,2679,1862,1862,38,38,0,0,0,0,0,0,0,0,817,817,0,0
2024,MMR,Myanmar,IRL,Ireland,50,50,50,29,29,29,29,0,0,0,0,0,0,0,0,21,21,0,0
2024,MMR,Myanmar,ISR,Israel,238,238,238,238,238,,,0,0,0,0,0,0,0,0,0,0,0,0
2024,MMR,Myanmar,ITA,Italy,80,80,80,27,27,14,14,0,0,0,0,0,0,0,0,53,53,0,0
2024,MMR,Myanmar,JPN,Japan,24761,24761,24761,0,0,627,627,0,0,0,0,0,0,0,0,24761,24761,0,0
2024,MMR,Myanmar,KOR,Republic of Korea,1194,1194,1194,665,665,273,273,0,0,0,0,0,0,0,0,529,529,0,0
2024,MMR,Myanmar,LKA,Sri Lanka,229,229,229,117,117,117,117,0,0,0,0,0,0,0,0,112,112,0,0
2024,MMR,Myanmar,LUX,Luxembourg,5,5,5,0,0,,,0,0,0,0,0,0,0,0,5,5,0,0
2024,MMR,Myanmar,MYS,Malaysia,170534,170534,170534,42169,42169,8614,8614,0,0,0,0,0,0,0,0,128365,128365,0,0
2024,MMR,Myanmar,MMR,Myanmar,0,3513867,3513867,0,0,,,0,0,3513867,3513867,0,0,0,0,0,0,0,0
2024,MMR,Myanmar,NPL,Nepal,493,493,493,66,66,,,0,0,0,0,0,0,0,0,427,427,0,0
2024,MMR,Myanmar,NLD,Netherlands (Kingdom of the),483,483,483,92,92,60,60,0,0,0,0,0,0,0,0,391,391,0,0
2024,MMR,Myanmar,NOR,Norway,167,167,167,14,14,6,6,0,0,0,0,0,0,0,0,153,153,0,0
2024,MMR,Myanmar,NZL,New Zealand,96,96,96,38,38,34,34,0,0,0,0,0,0,0,0,58,58,0,0
2024,MMR,Myanmar,PAK,Pakistan,60,60,60,32,32,,,0,0,0,0,0,0,0,0,28,28,0,0
2024,MMR,Myanmar,PHL,Philippines,52,52,52,37,37,22,22,0,0,0,0,0,0,0,0,15,15,0,0
2024,MMR,Myanmar,PRT,Portugal,5,5,5,5,5,,,0,0,0,0,0,0,0,0,0,0,0,0
2024,MMR,Myanmar,ROU,Romania,20,20,20,0,0,,,0,0,0,0,0,0,0,0,20,20,0,0
2024,MMR,Myanmar,ESP,Spain,19,19,19,5,5,5,5,0,0,0,0,0,0,0,0,14,14,0,0
2024,MMR,Myanmar,SWE,Sweden,213,213,213,6,6,7,7,0,0,0,0,0,0,0,0,207,207,0,0
2024,MMR,Myanmar,CHE,Switzerland,106,106,106,33,33,48,48,0,0,0,0,0,0,0,0,73,73,0,0
2024,MMR,Myanmar,THA,Thailand,81005,81005,81005,0,0,,,0,0,0,0,0,0,513,513,81005,81005,0,0
2024,MMR,Myanmar,USA,United States of America,10989,10989,10989,9626,9626,2585,2585,0,0,0,0,0,0,0,0,1363,1363,0,0
2024,STA,Stateless,MMR,Myanmar,0,619429,619429,0,0,,,0,0,0,0,0,0,0,0,0,0,619429,619429
2015,MMR,Myanmar,IRN,Iran (Islamic Republic of),0,0,0,,,5,5,,,,,,,,,,,,
2015,MMR,Myanmar,MKD,North Macedonia,0,0,0,,,5,5,,,,,,,,,,,,
2018,MMR,Myanmar,ALB,Albania,0,0,0,,,8,8,,,,,,,,,,,,
2018,MMR,Myanmar,SVN,Slovenia,0,0,0,,,5,5,,,,,,,,,,,,
2019,MMR,Myanmar,SVK,Slovakia,0,0,0,,,5,5,,,,,,,,,,,,
2019,MMR,Myanmar,SVN,Slovenia,0,0,0,,,5,5,,,,,,,,,,,,
2022,MMR,Myanmar,PNG,Papua New Guinea,0,0,0,,,5,5,,,,,,,,,,,,
2023,MMR,Myanmar,CYP,Cyprus,0,0,0,,,5,5,,,,,,,,,,,,
2023,MMR,Myanmar,GEO,Georgia,0,0,0,,,10,10,,,,,,,,,,,,
2024,MMR,Myanmar,GEO,Georgia,0,0,0,,,5,5,,,,,,,,,,,,
2024,MMR,Myanmar,SLB,Solomon Islands,0,0,0,,,5,5,,,,,,,,,,,,
2016,MMR,Myanmar,ZAF,South Africa,0,0,0,,,,,,,,,,,,,,,,
2019,MMR,Myanmar,BGR,Bulgaria,0,0,0,,,,,,,,,,,,,,,,
2019,MMR,Myanmar,ISL,Iceland,0,0,0,,,,,,,,,,,,,,,,
2022,MMR,Myanmar,SAU,Saudi Arabia,0,0,0,,,,,,,,,,,,,,,,
2022,MMR,Myanmar,UKR,Ukraine,0,0,0,,,,,,,,,,,,,,,,
2023,MMR,Myanmar,IRN,Iran (Islamic Republic of),0,0,0,,,,,,,,,,,,,,,,
2020,MMR,Myanmar,CAN,Canada,0,0,0,,,,,,,,,,,,,,,,
